period_end,competition,player_id,player,goals,assists,matches,shots_on_goal,yellow_cards,red_cards,team_wins,clean_sheets,goals_conceded,position
2026-09-30,Bundesliga,espn:102337,Edin Dzeko,0.0,0.0,2.0,0.0,0.0,0.0,1.0,1.0,1.0,FWD
2026-09-30,Bundesliga,espn:120829,Nathaniel Brown,0.0,0.0,3.0,1.0,0.0,0.0,2.0,2.0,1.0,DEF
2026-09-30,Bundesliga,espn:134103,Lee Jae-Sung,0.0,1.0,3.0,0.0,0.0,0.0,2.0,1.0,6.0,MID
2026-09-30,Bundesliga,espn:138213,Oliver Baumann,0.0,0.0,3.0,0.0,0.0,0.0,1.0,0.0,7.0,GK
2026-09-30,Bundesliga,espn:142200,Harry Kane,3.0,1.0,3.0,5.0,0.0,0.0,2.0,2.0,1.0,FWD
2026-09-30,Bundesliga,espn:143020,Mario Götze,0.0,1.0,3.0,0.0,1.0,0.0,1.0,0.0,7.0,MID
2026-09-30,Bundesliga,espn:146485,Christopher Trimmel,0.0,0.0,2.0,0.0,0.0,0.0,0.0,0.0,11.0,DEF
2026-09-30,Bundesliga,espn:146804,Michael Gregoritsch,2.0,0.0,3.0,5.0,0.0,0.0,1.0,0.0,6.0,FWD
2026-09-30,Bundesliga,espn:156416,Alexander Schwolow,0.0,0.0,2.0,0.0,1.0,0.0,2.0,1.0,3.0,GK
2026-09-30,Bundesliga,espn:157688,Kim Min-Jae,0.0,0.0,2.0,0.0,0.0,0.0,2.0,1.0,1.0,DEF
2026-09-30,Bundesliga,espn:159152,Rani Khedira,0.0,0.0,3.0,0.0,1.0,0.0,0.0,0.0,14.0,MID
2026-09-30,Bundesliga,espn:162162,Willi Orbán,1.0,0.0,3.0,1.0,0.0,0.0,1.0,1.0,5.0,DEF
2026-09-30,Bundesliga,espn:165424,Frederik Ronnow,0.0,0.0,3.0,0.0,0.0,0.0,0.0,0.0,14.0,GK
2026-09-30,Bundesliga,espn:165764,Loris Karius,0.0,0.0,3.0,0.0,1.0,0.0,1.0,2.0,1.0,GK
2026-09-30,Bundesliga,espn:169189,Konrad Laimer,0.0,0.0,1.0,0.0,0.0,0.0,0.0,1.0,0.0,DEF
2026-09-30,Bundesliga,espn:169481,Timo Becker,0.0,0.0,3.0,0.0,0.0,0.0,1.0,2.0,1.0,DEF
2026-09-30,Bundesliga,espn:170209,Matthias Ginter,0.0,2.0,3.0,0.0,0.0,0.0,2.0,2.0,2.0,DEF
2026-09-30,Bundesliga,espn:170257,Niclas Füllkrug,3.0,0.0,3.0,6.0,0.0,0.0,2.0,0.0,4.0,FWD
2026-09-30,Bundesliga,espn:170604,Janik Haberer,0.0,0.0,3.0,1.0,0.0,0.0,0.0,0.0,14.0,MID
2026-09-30,Bundesliga,espn:175006,Kevin Stöger,0.0,0.0,2.0,0.0,1.0,0.0,0.0,0.0,9.0,MID
2026-09-30,Bundesliga,espn:177821,Mark Flekken,0.0,0.0,3.0,0.0,0.0,0.0,2.0,2.0,2.0,GK
2026-09-30,Bundesliga,espn:180162,Daniel Heuer Fernandes,0.0,0.0,3.0,0.0,0.0,0.0,1.0,0.0,11.0,GK
2026-09-30,Bundesliga,espn:182245,Yussuf Poulsen,1.0,0.0,2.0,2.0,0.0,0.0,1.0,0.0,6.0,FWD
2026-09-30,Bundesliga,espn:185906,Tim Kleindienst,0.0,0.0,2.0,1.0,0.0,1.0,0.0,0.0,9.0,FWD
2026-09-30,Bundesliga,espn:186381,Serhou Guirassy,1.0,2.0,3.0,5.0,0.0,0.0,3.0,2.0,2.0,FWD
2026-09-30,Bundesliga,espn:188031,Jan Gyamerah,0.0,0.0,3.0,0.0,0.0,0.0,1.0,1.0,5.0,DEF
2026-09-30,Bundesliga,espn:188052,Jonathan Tah,0.0,0.0,2.0,1.0,0.0,0.0,1.0,2.0,0.0,DEF
2026-09-30,Bundesliga,espn:188057,Kenan Karaman,0.0,0.0,3.0,0.0,0.0,0.0,1.0,2.0,1.0,FWD
2026-09-30,Bundesliga,espn:190161,Joshua Kimmich,0.0,0.0,3.0,1.0,0.0,0.0,2.0,2.0,1.0,MID
2026-09-30,Bundesliga,espn:190167,Maximilian Rohr,0.0,0.0,3.0,0.0,0.0,0.0,1.0,1.0,5.0,DEF
2026-09-30,Bundesliga,espn:191209,Vladimír Coufal,0.0,1.0,3.0,0.0,0.0,0.0,1.0,0.0,7.0,DEF
2026-09-30,Bundesliga,espn:195027,Sheraldo Becker,2.0,3.0,3.0,6.0,1.0,0.0,2.0,1.0,6.0,FWD
2026-09-30,Bundesliga,espn:196029,Franck Honorat,0.0,2.0,3.0,0.0,0.0,0.0,0.0,0.0,13.0,FWD
2026-09-30,Bundesliga,espn:198087,Robin Gosens,1.0,0.0,3.0,1.0,0.0,0.0,1.0,2.0,1.0,MID
2026-09-30,Bundesliga,espn:201123,Fabian Bredlow,0.0,0.0,3.0,0.0,0.0,0.0,1.0,0.0,4.0,GK
2026-09-30,Bundesliga,espn:205751,Marvin Schwäbe,0.0,0.0,3.0,0.0,0.0,0.0,0.0,0.0,7.0,GK
2026-09-30,Bundesliga,espn:206114,Robin Zentner,0.0,0.0,1.0,0.0,0.0,0.0,0.0,0.0,3.0,GK
2026-09-30,Bundesliga,espn:206863,Kevin Diks,0.0,0.0,3.0,0.0,2.0,0.0,0.0,0.0,13.0,DEF
2026-09-30,Bundesliga,espn:207623,Marius Wolf,0.0,0.0,3.0,0.0,0.0,0.0,1.0,0.0,6.0,MID
2026-09-30,Bundesliga,espn:208285,Robin Koch,0.0,1.0,3.0,2.0,0.0,0.0,1.0,0.0,7.0,DEF
2026-09-30,Bundesliga,espn:209595,Ellyes Skhiri,0.0,2.0,3.0,1.0,1.0,0.0,0.0,0.0,7.0,MID
2026-09-30,Bundesliga,espn:210818,Nadiem Amiri,0.0,0.0,3.0,2.0,0.0,0.0,2.0,1.0,6.0,MID
2026-09-30,Bundesliga,espn:212330,Patrik Schick,3.0,1.0,3.0,6.0,0.0,0.0,2.0,2.0,2.0,FWD
2026-09-30,Bundesliga,espn:214203,Maximilian Eggestein,2.0,0.0,3.0,3.0,0.0,0.0,2.0,2.0,2.0,MID
2026-09-30,Bundesliga,espn:216225,Maximilian Mittelstädt,1.0,1.0,3.0,1.0,1.0,0.0,1.0,0.0,4.0,DEF
2026-09-30,Bundesliga,espn:218714,Grischa Prömel,1.0,0.0,3.0,2.0,0.0,0.0,1.0,0.0,4.0,MID
2026-09-30,Bundesliga,espn:219294,Aleix García,0.0,0.0,3.0,2.0,0.0,0.0,2.0,2.0,2.0,MID
2026-09-30,Bundesliga,espn:219316,Philipp Lienhart,0.0,0.0,3.0,0.0,1.0,0.0,2.0,2.0,2.0,DEF
2026-09-30,Bundesliga,espn:219627,Ritsu Doan,0.0,1.0,3.0,0.0,0.0,0.0,1.0,0.0,7.0,MID
2026-09-30,Bundesliga,espn:220538,Nikola Katic,0.0,0.0,3.0,0.0,1.0,0.0,1.0,2.0,1.0,DEF
2026-09-30,Bundesliga,espn:220711,Benjamin Henrichs,0.0,0.0,2.0,0.0,1.0,0.0,1.0,1.0,2.0,DEF
2026-09-30,Bundesliga,espn:220714,Waldemar Anton,0.0,1.0,3.0,0.0,0.0,0.0,3.0,2.0,2.0,DEF
2026-09-30,Bundesliga,espn:221690,Isac Lidberg,1.0,0.0,3.0,2.0,0.0,0.0,0.0,0.0,13.0,FWD
2026-09-30,Bundesliga,espn:222176,Christopher Nkunku,1.0,0.0,3.0,4.0,0.0,0.0,1.0,1.0,5.0,MID
2026-09-30,Bundesliga,espn:222477,Luka Lochoshvili,0.0,0.0,3.0,0.0,0.0,0.0,0.0,0.0,7.0,DEF
2026-09-30,Bundesliga,espn:222567,Josip Juranovic,0.0,0.0,2.0,1.0,0.0,0.0,0.0,0.0,7.0,DEF
2026-09-30,Bundesliga,espn:222793,Dayot Upamecano,0.0,0.0,3.0,0.0,2.0,0.0,2.0,2.0,1.0,DEF
2026-09-30,Bundesliga,espn:222991,Julian Ryerson,0.0,0.0,3.0,0.0,1.0,0.0,3.0,2.0,2.0,MID
2026-09-30,Bundesliga,espn:228507,Finn Dahmen,0.0,0.0,3.0,0.0,0.0,0.0,1.0,0.0,6.0,GK
2026-09-30,Bundesliga,espn:231173,Linton Maina,1.0,0.0,3.0,1.0,0.0,0.0,0.0,0.0,7.0,MID
2026-09-30,Bundesliga,espn:231190,Niklas Beste,0.0,0.0,3.0,1.0,0.0,0.0,2.0,2.0,2.0,MID
2026-09-30,Bundesliga,espn:232477,Marco Friedl,0.0,0.0,3.0,0.0,0.0,0.0,2.0,0.0,4.0,DEF
2026-09-30,Bundesliga,espn:232662,Patson Daka,0.0,0.0,3.0,0.0,0.0,0.0,1.0,0.0,11.0,FWD
2026-09-30,Bundesliga,espn:233499,Felix Uduokhai,0.0,0.0,3.0,0.0,3.0,0.0,0.0,0.0,14.0,DEF
2026-09-30,Bundesliga,espn:234376,Phillip Tietz,4.0,0.0,3.0,6.0,0.0,0.0,2.0,1.0,6.0,FWD
2026-09-30,Bundesliga,espn:236136,Alessio Castro-Montes,0.0,0.0,3.0,0.0,1.0,0.0,0.0,0.0,7.0,DEF
2026-09-30,Bundesliga,espn:236721,Alphonso Davies,0.0,2.0,3.0,0.0,0.0,0.0,2.0,2.0,1.0,DEF
2026-09-30,Bundesliga,espn:238025,Koki Machida,0.0,0.0,2.0,0.0,0.0,0.0,1.0,0.0,4.0,DEF
2026-09-30,Bundesliga,espn:238033,Kou Itakura,0.0,0.0,3.0,2.0,0.0,0.0,0.0,0.0,13.0,DEF
2026-09-30,Bundesliga,espn:238527,Florian Neuhaus,1.0,0.0,1.0,1.0,1.0,0.0,0.0,0.0,4.0,FWD
2026-09-30,Bundesliga,espn:238536,Moritz Nicolas,0.0,0.0,3.0,0.0,0.0,0.0,0.0,0.0,13.0,GK
2026-09-30,Bundesliga,espn:238544,Gregor Kobel,0.0,0.0,3.0,0.0,0.0,0.0,3.0,2.0,2.0,GK
2026-09-30,Bundesliga,espn:238906,Stefan Posch,0.0,0.0,3.0,1.0,1.0,0.0,2.0,1.0,6.0,DEF
2026-09-30,Bundesliga,espn:239574,Phillipp Mwene,1.0,1.0,3.0,1.0,2.0,0.0,2.0,1.0,6.0,MID
2026-09-30,Bundesliga,espn:240912,Joey Veerman,0.0,0.0,3.0,1.0,1.0,0.0,3.0,2.0,2.0,MID
2026-09-30,Bundesliga,espn:241297,Anthony Caci,0.0,1.0,3.0,0.0,1.0,0.0,2.0,1.0,6.0,MID
2026-09-30,Bundesliga,espn:242439,Emmanuel Latte Lath,0.0,0.0,3.0,1.0,0.0,0.0,0.0,0.0,14.0,FWD
2026-09-30,Bundesliga,espn:245623,Michel Aebischer,0.0,0.0,3.0,0.0,0.0,0.0,0.0,0.0,14.0,MID
2026-09-30,Bundesliga,espn:246560,Hasan Kurucay,0.0,0.0,3.0,0.0,1.0,0.0,1.0,2.0,1.0,DEF
2026-09-30,Bundesliga,espn:249548,David Raum,0.0,0.0,3.0,0.0,0.0,0.0,1.0,1.0,5.0,DEF
2026-09-30,Bundesliga,espn:249663,Facundo Medina,1.0,0.0,3.0,2.0,0.0,0.0,2.0,2.0,2.0,DEF
2026-09-30,Bundesliga,espn:251061,Jordan Torunarigha,0.0,0.0,3.0,0.0,0.0,0.0,1.0,0.0,11.0,DEF
2026-09-30,Bundesliga,espn:251639,Raphael Obermair,0.0,0.0,3.0,0.0,0.0,0.0,1.0,0.0,5.0,MID
2026-09-30,Bundesliga,espn:255355,Ragnar Ache,1.0,0.0,3.0,1.0,0.0,0.0,0.0,0.0,7.0,FWD
2026-09-30,Bundesliga,espn:257287,Edmond Tapsoba,0.0,1.0,3.0,0.0,1.0,0.0,2.0,2.0,2.0,DEF
2026-09-30,Bundesliga,espn:257390,Luis Díaz,0.0,0.0,3.0,3.0,0.0,0.0,2.0,2.0,1.0,MID
2026-09-30,Bundesliga,espn:258876,Robin Hack,0.0,0.0,3.0,0.0,0.0,0.0,0.0,0.0,13.0,MID
2026-09-30,Bundesliga,espn:258909,Jeff Chabot,0.0,0.0,3.0,1.0,0.0,0.0,1.0,0.0,4.0,DEF
2026-09-30,Bundesliga,espn:258963,Ridle Baku,1.0,0.0,3.0,1.0,0.0,0.0,1.0,1.0,5.0,DEF
2026-09-30,Bundesliga,espn:261363,Ludovit Reis,0.0,0.0,3.0,2.0,0.0,0.0,2.0,0.0,4.0,MID
2026-09-30,Bundesliga,espn:262862,Dejan Ljubicic,0.0,0.0,2.0,0.0,0.0,0.0,1.0,1.0,1.0,MID
2026-09-30,Bundesliga,espn:264484,Gideon Mensah,0.0,0.0,3.0,0.0,2.0,0.0,0.0,0.0,7.0,DEF
2026-09-30,Bundesliga,espn:266280,Thijs Dallinga,0.0,0.0,2.0,2.0,0.0,0.0,0.0,0.0,3.0,FWD
2026-09-30,Bundesliga,espn:266565,Ozan Kabak,0.0,0.0,3.0,1.0,1.0,0.0,1.0,0.0,7.0,DEF
2026-09-30,Bundesliga,espn:266839,Josha Vagnoman,1.0,1.0,3.0,2.0,0.0,0.0,1.0,0.0,4.0,MID
2026-09-30,Bundesliga,espn:268239,Albert Sambi Lokonga,0.0,0.0,2.0,0.0,0.0,0.0,1.0,0.0,6.0,MID
2026-09-30,Bundesliga,espn:268951,Chris Führich,0.0,0.0,3.0,0.0,0.0,0.0,1.0,0.0,4.0,MID
2026-09-30,Bundesliga,espn:269136,Ermedin Demirovic,1.0,0.0,3.0,4.0,1.0,0.0,1.0,0.0,4.0,FWD
2026-09-30,Bundesliga,espn:270670,Moussa Diaby,0.0,0.0,3.0,1.0,0.0,0.0,2.0,2.0,2.0,MID
2026-09-30,Bundesliga,espn:271130,Sebastiaan Bornauw,0.0,0.0,1.0,0.0,0.0,0.0,0.0,0.0,5.0,DEF
2026-09-30,Bundesliga,espn:272135,Joe Scally,1.0,0.0,3.0,1.0,1.0,0.0,0.0,0.0,13.0,MID
2026-09-30,Bundesliga,espn:273300,Deniz Undav,0.0,0.0,3.0,2.0,0.0,0.0,1.0,0.0,4.0,FWD
2026-09-30,Bundesliga,espn:274860,Wouter Burger,0.0,0.0,3.0,1.0,3.0,0.0,1.0,0.0,7.0,MID
2026-09-30,Bundesliga,espn:274887,Jonathan Burkardt,3.0,1.0,3.0,4.0,0.0,0.0,1.0,0.0,7.0,FWD
2026-09-30,Bundesliga,espn:275797,Marius Bulter,1.0,0.0,3.0,3.0,0.0,0.0,0.0,0.0,7.0,MID
2026-09-30,Bundesliga,espn:275805,Philipp Sander,0.0,0.0,3.0,0.0,1.0,0.0,0.0,0.0,13.0,MID
2026-09-30,Bundesliga,espn:275844,Amos Pieper,0.0,0.0,3.0,0.0,0.0,0.0,2.0,0.0,4.0,DEF
2026-09-30,Bundesliga,espn:276323,Jeong Woo-Yeong,0.0,0.0,3.0,0.0,0.0,0.0,0.0,0.0,14.0,MID
2026-09-30,Bundesliga,espn:276329,Josip Stanisic,0.0,0.0,2.0,1.0,0.0,0.0,2.0,1.0,1.0,DEF
2026-09-30,Bundesliga,espn:277377,Maarten Vandevoordt,0.0,0.0,3.0,0.0,0.0,0.0,1.0,1.0,5.0,GK
2026-09-30,Bundesliga,espn:281122,Felix Nmecha,2.0,0.0,3.0,2.0,0.0,0.0,3.0,2.0,2.0,MID
2026-09-30,Bundesliga,espn:282388,Olivier Deman,0.0,0.0,3.0,3.0,1.0,0.0,2.0,0.0,4.0,DEF
2026-09-30,Bundesliga,espn:282646,Karl Hein,0.0,0.0,3.0,0.0,0.0,0.0,2.0,0.0,4.0,GK
2026-09-30,Bundesliga,espn:282885,Han-Noah Massengo,0.0,1.0,3.0,0.0,1.0,0.0,1.0,0.0,6.0,MID
2026-09-30,Bundesliga,espn:283683,Tom Krauss,0.0,0.0,3.0,1.0,1.0,0.0,0.0,0.0,7.0,MID
2026-09-30,Bundesliga,espn:284702,András Schäfer,0.0,0.0,3.0,1.0,0.0,0.0,0.0,0.0,14.0,MID
2026-09-30,Bundesliga,espn:284835,Nicolás Capaldo,1.0,0.0,3.0,1.0,1.0,0.0,1.0,0.0,11.0,DEF
2026-09-30,Bundesliga,espn:286815,Ísak Jóhannesson,0.0,0.0,3.0,1.0,1.0,0.0,0.0,0.0,7.0,MID
2026-09-30,Bundesliga,espn:286828,Nico Schlotterbeck,0.0,0.0,2.0,0.0,1.0,0.0,2.0,2.0,0.0,DEF
2026-09-30,Bundesliga,espn:286831,Michael Olise,3.0,1.0,3.0,7.0,0.0,0.0,2.0,2.0,1.0,MID
2026-09-30,Bundesliga,espn:287645,Junior Dina Ebimbe,0.0,0.0,3.0,1.0,1.0,0.0,1.0,2.0,1.0,MID
2026-09-30,Bundesliga,espn:289322,Ramon Hendriks,0.0,0.0,2.0,0.0,0.0,0.0,1.0,0.0,3.0,DEF
2026-09-30,Bundesliga,espn:289769,Terem Moffi,0.0,0.0,3.0,1.0,0.0,0.0,1.0,0.0,11.0,FWD
2026-09-30,Bundesliga,espn:290044,Miguel Gutiérrez,1.0,3.0,3.0,2.0,1.0,0.0,2.0,2.0,2.0,DEF
2026-09-30,Bundesliga,espn:290141,Lilian Brassier,0.0,0.0,3.0,0.0,0.0,0.0,1.0,0.0,7.0,DEF
2026-09-30,Bundesliga,espn:290166,Adil Aouchiche,1.0,0.0,3.0,4.0,0.0,0.0,1.0,2.0,1.0,FWD
2026-09-30,Bundesliga,espn:290232,Angelo Stiller,0.0,0.0,3.0,0.0,1.0,0.0,1.0,0.0,4.0,MID
2026-09-30,Bundesliga,espn:290639,Maximilian Beier,1.0,1.0,3.0,2.0,1.0,0.0,3.0,2.0,2.0,FWD
2026-09-30,Bundesliga,espn:291629,Fábio Silva,2.0,0.0,3.0,2.0,0.0,0.0,3.0,2.0,2.0,FWD
2026-09-30,Bundesliga,espn:291849,Rayan Philippe,0.0,0.0,3.0,2.0,0.0,0.0,1.0,0.0,5.0,FWD
2026-09-30,Bundesliga,espn:292169,Adam Hlozek,2.0,0.0,3.0,4.0,0.0,0.0,1.0,0.0,7.0,FWD
2026-09-30,Bundesliga,espn:297165,Chrislain Matsima,0.0,0.0,3.0,1.0,0.0,0.0,1.0,0.0,6.0,DEF
2026-09-30,Bundesliga,espn:297292,Youri Regeer,0.0,0.0,3.0,1.0,0.0,0.0,2.0,0.0,4.0,MID
2026-09-30,Bundesliga,espn:297565,Satoshi Tanaka,0.0,0.0,3.0,0.0,0.0,0.0,1.0,2.0,1.0,MID
2026-09-30,Bundesliga,espn:297750,Albert Grønbaek,0.0,2.0,3.0,0.0,1.0,0.0,1.0,0.0,11.0,FWD
2026-09-30,Bundesliga,espn:298524,Jarell Quansah,0.0,1.0,3.0,0.0,0.0,0.0,2.0,2.0,2.0,DEF
2026-09-30,Bundesliga,espn:300095,Patrick Wimmer,0.0,0.0,3.0,1.0,0.0,0.0,1.0,0.0,7.0,MID
2026-09-30,Bundesliga,espn:300444,Jan Thielmann,0.0,0.0,1.0,0.0,0.0,0.0,0.0,0.0,4.0,FWD
2026-09-30,Bundesliga,espn:301416,Malik Tillman,0.0,1.0,2.0,0.0,0.0,0.0,1.0,1.0,2.0,MID
2026-09-30,Bundesliga,espn:303031,Yuito Suzuki,1.0,0.0,3.0,2.0,1.0,0.0,2.0,2.0,2.0,MID
2026-09-30,Bundesliga,espn:303792,Tim Lemperle,1.0,0.0,3.0,3.0,0.0,0.0,1.0,0.0,7.0,FWD
2026-09-30,Bundesliga,espn:303821,Jamal Musiala,1.0,1.0,3.0,1.0,0.0,0.0,2.0,2.0,1.0,MID
2026-09-30,Bundesliga,espn:304572,Ismael Saibari,1.0,0.0,3.0,3.0,0.0,0.0,2.0,2.0,1.0,MID
2026-09-30,Bundesliga,espn:305853,Marco Grüll,2.0,2.0,3.0,3.0,1.0,0.0,2.0,0.0,4.0,MID
2026-09-30,Bundesliga,espn:305956,Nicolas Seiwald,0.0,0.0,2.0,0.0,0.0,0.0,0.0,0.0,5.0,MID
2026-09-30,Bundesliga,espn:305957,Junior Adamu,0.0,1.0,1.0,2.0,0.0,0.0,1.0,0.0,1.0,FWD
2026-09-30,Bundesliga,espn:306928,Robin Fellhauer,2.0,0.0,3.0,2.0,0.0,0.0,1.0,0.0,6.0,FWD
2026-09-30,Bundesliga,espn:307567,Albian Hajdari,0.0,0.0,3.0,0.0,1.0,0.0,1.0,0.0,7.0,DEF
2026-09-30,Bundesliga,espn:308908,Fabian Rieder,1.0,2.0,3.0,2.0,0.0,0.0,1.0,0.0,6.0,MID
2026-09-30,Bundesliga,espn:309840,Warmed Omari,0.0,0.0,2.0,0.0,0.0,0.0,1.0,0.0,6.0,DEF
2026-09-30,Bundesliga,espn:310131,Johan Bakayoko,0.0,0.0,1.0,0.0,0.0,0.0,0.0,0.0,3.0,FWD
2026-09-30,Bundesliga,espn:310692,Lukas Petkov,0.0,0.0,3.0,3.0,0.0,0.0,1.0,1.0,5.0,MID
2026-09-30,Bundesliga,espn:310709,Daniel Svensson,0.0,0.0,3.0,0.0,0.0,0.0,3.0,2.0,2.0,MID
2026-09-30,Bundesliga,espn:310883,Igor Matanovic,2.0,0.0,3.0,8.0,0.0,0.0,2.0,2.0,2.0,FWD
2026-09-30,Bundesliga,espn:312112,Eren Dinkci,1.0,0.0,3.0,1.0,0.0,0.0,2.0,0.0,4.0,FWD
2026-09-30,Bundesliga,espn:312389,Marvin Pieringer,0.0,0.0,3.0,1.0,0.0,0.0,1.0,0.0,5.0,FWD
2026-09-30,Bundesliga,espn:313361,David Møller Wolfe,0.0,0.0,3.0,1.0,0.0,0.0,1.0,0.0,11.0,MID
2026-09-30,Bundesliga,espn:314184,Zeno Van Den Bosch,0.0,0.0,2.0,0.0,1.0,0.0,0.0,0.0,11.0,DEF
2026-09-30,Bundesliga,espn:318316,Maxime Estève,0.0,0.0,3.0,0.0,0.0,0.0,1.0,1.0,5.0,DEF
2026-09-30,Bundesliga,espn:318343,Soufian El-Faouzi,0.0,0.0,3.0,3.0,0.0,0.0,1.0,2.0,1.0,MID
2026-09-30,Bundesliga,espn:319100,Castello Lukeba,0.0,0.0,1.0,0.0,1.0,0.0,1.0,1.0,0.0,DEF
2026-09-30,Bundesliga,espn:319368,Antonio Nusa,1.0,2.0,3.0,2.0,1.0,0.0,1.0,1.0,5.0,MID
2026-09-30,Bundesliga,espn:319415,Nahuel Nicolas Noll,0.0,0.0,3.0,0.0,0.0,0.0,1.0,0.0,5.0,GK
2026-09-30,Bundesliga,espn:320882,Raphael Onyedika,0.0,0.0,3.0,1.0,2.0,0.0,1.0,0.0,7.0,MID
2026-09-30,Bundesliga,espn:321061,Lasse Günther,0.0,0.0,3.0,1.0,0.0,0.0,1.0,1.0,5.0,DEF
2026-09-30,Bundesliga,espn:321064,Noah Atubolu,0.0,0.0,3.0,0.0,0.0,0.0,1.0,0.0,7.0,GK
2026-09-30,Bundesliga,espn:321226,Nicolai Remberg,0.0,0.0,3.0,1.0,0.0,0.0,1.0,0.0,11.0,MID
2026-09-30,Bundesliga,espn:322098,Marin Ljubicic,0.0,0.0,2.0,1.0,1.0,0.0,0.0,0.0,7.0,FWD
2026-09-30,Bundesliga,espn:323790,Jonas Urbig,0.0,0.0,1.0,0.0,0.0,0.0,1.0,0.0,1.0,GK
2026-09-30,Bundesliga,espn:323807,Neil El Aynaoui,0.0,0.0,3.0,2.0,1.0,0.0,1.0,1.0,5.0,MID
2026-09-30,Bundesliga,espn:323936,Gabriel Vidovic,0.0,0.0,3.0,0.0,0.0,0.0,1.0,0.0,5.0,MID
2026-09-30,Bundesliga,espn:324021,Nicolas Kristof,0.0,0.0,3.0,0.0,0.0,0.0,1.0,1.0,5.0,GK
2026-09-30,Bundesliga,espn:324269,Tom Rothe,0.0,1.0,3.0,2.0,0.0,0.0,0.0,0.0,14.0,DEF
2026-09-30,Bundesliga,espn:324567,Bilal Nadir,0.0,0.0,1.0,0.0,0.0,0.0,0.0,0.0,5.0,MID
2026-09-30,Bundesliga,espn:324660,Tom Bischof,0.0,2.0,3.0,0.0,0.0,0.0,2.0,2.0,1.0,MID
2026-09-30,Bundesliga,espn:324766,Rômulo,1.0,0.0,2.0,1.0,0.0,0.0,1.0,1.0,2.0,FWD
2026-09-30,Bundesliga,espn:324820,Jobe Bellingham,0.0,1.0,3.0,0.0,2.0,0.0,3.0,2.0,2.0,MID
2026-09-30,Bundesliga,espn:325024,Zakaria El Ouahdi,0.0,0.0,3.0,1.0,1.0,0.0,1.0,0.0,11.0,MID
2026-09-30,Bundesliga,espn:326499,Lukasz Poreba,0.0,0.0,3.0,0.0,0.0,0.0,1.0,1.0,5.0,MID
2026-09-30,Bundesliga,espn:330233,Ezechiel Banzuzi,0.0,1.0,3.0,1.0,0.0,0.0,1.0,1.0,5.0,MID
2026-09-30,Bundesliga,espn:330239,Hugo Bolin,2.0,0.0,3.0,3.0,1.0,0.0,0.0,0.0,13.0,MID
2026-09-30,Bundesliga,espn:330455,Leopold Querfeld,0.0,0.0,2.0,0.0,0.0,0.0,0.0,0.0,10.0,DEF
2026-09-30,Bundesliga,espn:332543,Stefano Marino,1.0,0.0,3.0,2.0,0.0,0.0,1.0,0.0,5.0,FWD
2026-09-30,Bundesliga,espn:332878,Martin Adeline,0.0,0.0,2.0,0.0,0.0,0.0,1.0,0.0,6.0,FWD
2026-09-30,Bundesliga,espn:333400,Arijon Ibrahimovic,0.0,0.0,2.0,2.0,0.0,0.0,1.0,0.0,3.0,FWD
2026-09-30,Bundesliga,espn:334374,Arthur,0.0,0.0,3.0,0.0,1.0,0.0,2.0,0.0,4.0,MID
2026-09-30,Bundesliga,espn:336355,Bambasé Conté,0.0,1.0,3.0,1.0,0.0,0.0,1.0,0.0,7.0,MID
2026-09-30,Bundesliga,espn:336595,Bilal El Khannouss,1.0,0.0,3.0,2.0,0.0,0.0,1.0,0.0,4.0,FWD
2026-09-30,Bundesliga,espn:337079,Yannick Engelhardt,2.0,0.0,3.0,3.0,1.0,0.0,2.0,2.0,2.0,MID
2026-09-30,Bundesliga,espn:338837,Santiago Castaneda,1.0,0.0,3.0,2.0,0.0,0.0,1.0,0.0,5.0,MID
2026-09-30,Bundesliga,espn:338852,Mio Backhaus,0.0,0.0,3.0,0.0,1.0,0.0,2.0,2.0,2.0,GK
2026-09-30,Bundesliga,espn:338854,Adam Daghim,1.0,2.0,3.0,3.0,0.0,0.0,1.0,0.0,7.0,MID
2026-09-30,Bundesliga,espn:340739,Felix Keidel,1.0,0.0,3.0,1.0,2.0,0.0,1.0,1.0,5.0,MID
2026-09-30,Bundesliga,espn:341826,Lukas Finn Pinckert,0.0,1.0,3.0,0.0,0.0,0.0,1.0,1.0,5.0,DEF
2026-09-30,Bundesliga,espn:345106,Calvin Brackelmann,1.0,0.0,3.0,1.0,0.0,0.0,1.0,0.0,6.0,DEF
2026-09-30,Bundesliga,espn:345394,Laurin Ulrich,0.0,0.0,3.0,0.0,1.0,0.0,1.0,0.0,5.0,MID
2026-09-30,Bundesliga,espn:345873,David Herold,0.0,0.0,2.0,0.0,0.0,0.0,0.0,0.0,9.0,DEF
2026-09-30,Bundesliga,espn:345905,Dzenan Pejcinovic,0.0,0.0,3.0,2.0,0.0,0.0,1.0,0.0,4.0,FWD
2026-09-30,Bundesliga,espn:346617,Lukas Ullrich,0.0,2.0,2.0,0.0,1.0,0.0,0.0,0.0,8.0,MID
2026-09-30,Bundesliga,espn:346619,Derry Scherhant,1.0,2.0,3.0,2.0,0.0,0.0,2.0,2.0,2.0,MID
2026-09-30,Bundesliga,espn:349733,Ethan Nwaneri,0.0,0.0,3.0,1.0,0.0,0.0,3.0,2.0,2.0,FWD
2026-09-30,Bundesliga,espn:349922,Aljoscha Kemlein,0.0,0.0,3.0,0.0,1.0,0.0,0.0,0.0,14.0,MID
2026-09-30,Bundesliga,espn:352179,Noël Aséko,0.0,0.0,2.0,0.0,0.0,0.0,1.0,0.0,3.0,MID
2026-09-30,Bundesliga,espn:355369,Can Uzun,2.0,0.0,3.0,3.0,0.0,0.0,1.0,0.0,7.0,MID
2026-09-30,Bundesliga,espn:357030,Kaishu Sano,0.0,2.0,3.0,0.0,0.0,0.0,2.0,1.0,6.0,MID
2026-09-30,Bundesliga,espn:357337,Jahmai Simpson-Pusey,0.0,0.0,3.0,0.0,1.0,0.0,0.0,0.0,7.0,DEF
2026-09-30,Bundesliga,espn:357683,Brajan Gruda,0.0,0.0,2.0,0.0,0.0,0.0,1.0,1.0,2.0,MID
2026-09-30,Bundesliga,espn:357801,Konstantinos Karetsas,0.0,0.0,2.0,1.0,0.0,0.0,2.0,1.0,2.0,FWD
2026-09-30,Bundesliga,espn:359207,Mert Kömür,0.0,0.0,3.0,1.0,0.0,0.0,1.0,0.0,6.0,FWD
2026-09-30,Bundesliga,espn:359370,Aleksandar Pavlovic,0.0,1.0,3.0,0.0,1.0,0.0,2.0,2.0,1.0,MID
2026-09-30,Bundesliga,espn:359744,Mats Rots,0.0,0.0,3.0,0.0,0.0,0.0,1.0,0.0,7.0,DEF
2026-09-30,Bundesliga,espn:359793,Younes Ebnoutalib,1.0,1.0,3.0,2.0,0.0,0.0,1.0,0.0,7.0,FWD
2026-09-30,Bundesliga,espn:361212,Ibrahim Maza,1.0,0.0,3.0,2.0,1.0,0.0,2.0,2.0,2.0,MID
2026-09-30,Bundesliga,espn:361258,Afonso Moreira,0.0,0.0,3.0,3.0,1.0,0.0,2.0,2.0,2.0,MID
2026-09-30,Bundesliga,espn:362590,Leon Avdullahu,1.0,0.0,3.0,1.0,0.0,0.0,1.0,0.0,7.0,MID
2026-09-30,Bundesliga,espn:364080,Ezequiel Fernández,1.0,0.0,3.0,1.0,0.0,0.0,2.0,2.0,2.0,MID
2026-09-30,Bundesliga,espn:364593,Laurin Curda,0.0,1.0,3.0,0.0,1.0,0.0,1.0,0.0,5.0,MID
2026-09-30,Bundesliga,espn:364596,Philipp Treu,0.0,0.0,3.0,1.0,0.0,0.0,2.0,2.0,2.0,DEF
2026-09-30,Bundesliga,espn:364892,Mattes Hansen,0.0,0.0,3.0,0.0,0.0,0.0,1.0,0.0,5.0,DEF
2026-09-30,Bundesliga,espn:364897,Assan Ouédraogo,0.0,0.0,1.0,0.0,0.0,0.0,1.0,1.0,0.0,MID
2026-09-30,Bundesliga,espn:365332,Mikey Moore,0.0,0.0,3.0,4.0,0.0,0.0,0.0,0.0,7.0,MID
2026-09-30,Bundesliga,espn:366370,Jano Horst,0.0,0.0,3.0,0.0,1.0,0.0,1.0,0.0,5.0,DEF
2026-09-30,Bundesliga,espn:366823,Livan Burcu,0.0,0.0,3.0,0.0,1.0,0.0,0.0,0.0,14.0,MID
2026-09-30,Bundesliga,espn:366911,Tidiam Gomis,1.0,0.0,3.0,2.0,0.0,0.0,1.0,1.0,5.0,FWD
2026-09-30,Bundesliga,espn:367558,Jordy Makengo,0.0,2.0,3.0,1.0,0.0,0.0,2.0,2.0,2.0,DEF
2026-09-30,Bundesliga,espn:371500,Kouakou Gadou,0.0,0.0,3.0,0.0,1.0,0.0,3.0,2.0,2.0,DEF
2026-09-30,Bundesliga,espn:371596,Keita Kosugi,0.0,0.0,3.0,1.0,1.0,0.0,1.0,0.0,7.0,DEF
2026-09-30,Bundesliga,espn:371689,Chuki,0.0,2.0,3.0,4.0,1.0,0.0,2.0,0.0,4.0,FWD
2026-09-30,Bundesliga,espn:371806,Tjark Scheller,0.0,0.0,3.0,0.0,1.0,0.0,1.0,0.0,5.0,DEF
2026-09-30,Bundesliga,espn:372026,Finn Jeltsch,0.0,1.0,3.0,1.0,0.0,0.0,1.0,0.0,4.0,DEF
2026-09-30,Bundesliga,espn:372032,Noah Darvich,0.0,1.0,2.0,0.0,1.0,0.0,0.0,1.0,2.0,MID
2026-09-30,Bundesliga,espn:372035,Max Moerstedt,0.0,1.0,2.0,0.0,0.0,0.0,0.0,0.0,6.0,FWD
2026-09-30,Bundesliga,espn:372788,Elias Baum,0.0,0.0,3.0,2.0,0.0,0.0,1.0,0.0,7.0,DEF
2026-09-30,Bundesliga,espn:375371,Kacper Potulski,0.0,0.0,3.0,0.0,1.0,0.0,2.0,1.0,6.0,DEF
2026-09-30,Bundesliga,espn:376514,Noahkai Banks,0.0,0.0,3.0,0.0,2.0,0.0,1.0,0.0,6.0,DEF
2026-09-30,Bundesliga,espn:379024,Cole Campbell,0.0,0.0,3.0,0.0,0.0,0.0,1.0,1.0,5.0,MID
2026-09-30,Bundesliga,espn:379180,Francis-Ikechukwu Onyeka,0.0,0.0,3.0,1.0,1.0,0.0,1.0,1.0,5.0,MID
2026-09-30,Bundesliga,espn:380795,Said El Mala,0.0,0.0,2.0,2.0,0.0,0.0,0.0,0.0,3.0,MID
2026-09-30,Bundesliga,espn:384410,Jan Leszczynski,0.0,0.0,2.0,1.0,0.0,0.0,0.0,0.0,8.0,DEF
2026-09-30,Bundesliga,espn:387437,Filippo Mané,0.0,0.0,1.0,0.0,0.0,0.0,1.0,0.0,2.0,DEF
2026-09-30,Bundesliga,espn:398004,David Mokwa,1.0,0.0,3.0,1.0,0.0,0.0,1.0,1.0,5.0,FWD
2026-09-30,Bundesliga,espn:398709,Christian Kofane,1.0,0.0,3.0,1.0,0.0,0.0,2.0,2.0,2.0,FWD
2026-09-30,Bundesliga,espn:399214,Hennes Behrens,0.0,1.0,3.0,0.0,1.0,0.0,1.0,0.0,6.0,MID
2026-09-30,Bundesliga,espn:399746,Fabio Gruber,0.0,0.0,3.0,0.0,0.0,0.0,2.0,1.0,6.0,DEF
2026-09-30,Bundesliga,espn:402841,Lennart Karl,1.0,0.0,2.0,3.0,0.0,0.0,1.0,1.0,1.0,MID
2026-09-30,Bundesliga,espn:403528,Paul Okon-Engstler,0.0,0.0,2.0,0.0,1.0,0.0,0.0,0.0,5.0,MID
2026-09-30,Bundesliga,espn:403898,Mathieu Nguefack,0.0,0.0,2.0,0.0,1.0,0.0,0.0,0.0,9.0,MID
2026-09-30,Bundesliga,espn:406374,Jeremiaha Maluze,0.0,1.0,1.0,0.0,0.0,0.0,1.0,0.0,1.0,DEF
2026-09-30,Bundesliga,espn:40791,Moussa Sylla,0.0,0.0,2.0,0.0,0.0,0.0,0.0,2.0,0.0,FWD
2026-09-30,Bundesliga,espn:408539,Wael Mohya,0.0,0.0,3.0,1.0,1.0,0.0,0.0,0.0,13.0,MID
2026-09-30,Bundesliga,espn:415376,Shafiq Nandja,0.0,0.0,2.0,0.0,1.0,0.0,0.0,0.0,10.0,DEF
2026-09-30,Bundesliga,espn:84774,Manuel Neuer,0.0,0.0,2.0,0.0,0.0,0.0,1.0,2.0,0.0,GK
2026-09-30,Bundesliga,espn:88865,Fabio Vieira,0.0,0.0,3.0,5.0,0.0,0.0,1.0,0.0,11.0,FWD
2026-09-30,La Liga,espn:106326,Pablo Ibáñez,1.0,0.0,4.0,1.0,1.0,0.0,1.0,1.0,5.0,MID
2026-09-30,La Liga,espn:107960,Matteo Prati,0.0,0.0,3.0,0.0,0.0,0.0,1.0,0.0,11.0,DEF
2026-09-30,La Liga,espn:119620,Péter Gulácsi,0.0,0.0,3.0,0.0,0.0,0.0,2.0,0.0,4.0,GK
2026-09-30,La Liga,espn:122260,Pierre-Emerick Aubameyang,2.0,2.0,4.0,3.0,0.0,0.0,1.0,0.0,5.0,FWD
2026-09-30,La Liga,espn:125200,Álvaro García,1.0,1.0,4.0,3.0,0.0,0.0,2.0,0.0,8.0,FWD
2026-09-30,La Liga,espn:125383,Sergio Canales,1.0,0.0,4.0,2.0,1.0,0.0,1.0,0.0,16.0,MID
2026-09-30,La Liga,espn:125749,Kiko Femenía,0.0,0.0,1.0,0.0,0.0,0.0,0.0,0.0,1.0,DEF
2026-09-30,La Liga,espn:128714,Eric García,0.0,0.0,4.0,0.0,0.0,0.0,4.0,1.0,5.0,DEF
2026-09-30,La Liga,espn:133259,Leandro Cabrera,0.0,0.0,4.0,0.0,0.0,0.0,1.0,1.0,6.0,DEF
2026-09-30,La Liga,espn:133768,Yuri Berchiche,0.0,0.0,3.0,1.0,1.0,0.0,1.0,2.0,1.0,DEF
2026-09-30,La Liga,espn:134283,Thibaut Courtois,0.0,0.0,4.0,0.0,0.0,0.0,2.0,0.0,6.0,GK
2026-09-30,La Liga,espn:136673,Nemanja Gudelj,0.0,0.0,4.0,0.0,2.0,0.0,1.0,1.0,3.0,MID
2026-09-30,La Liga,espn:138448,Pablo Durán,2.0,0.0,3.0,3.0,0.0,0.0,1.0,2.0,1.0,FWD
2026-09-30,La Liga,espn:140754,Florian Lejeune,0.0,0.0,4.0,1.0,1.0,0.0,2.0,0.0,8.0,DEF
2026-09-30,La Liga,espn:140791,Koke,0.0,0.0,4.0,1.0,0.0,0.0,3.0,2.0,4.0,MID
2026-09-30,La Liga,espn:141438,Mathew Ryan,0.0,0.0,3.0,0.0,0.0,0.0,0.0,1.0,7.0,GK
2026-09-30,La Liga,espn:143564,Isco,0.0,0.0,4.0,1.0,0.0,0.0,3.0,2.0,2.0,MID
2026-09-30,La Liga,espn:144720,Andrei Radu,0.0,0.0,4.0,0.0,0.0,0.0,1.0,2.0,2.0,GK
2026-09-30,La Liga,espn:144759,Aitor Fernández,0.0,0.0,2.0,0.0,0.0,0.0,0.0,0.0,5.0,GK
2026-09-30,La Liga,espn:145078,Marc Bartra,0.0,0.0,3.0,2.0,0.0,0.0,2.0,1.0,2.0,DEF
2026-09-30,La Liga,espn:145565,Juan Antonio Cruz,0.0,1.0,4.0,1.0,0.0,0.0,0.0,1.0,5.0,MID
2026-09-30,La Liga,espn:146127,Marcos Alonso,0.0,0.0,3.0,0.0,2.0,0.0,0.0,1.0,2.0,DEF
2026-09-30,La Liga,espn:149306,Ville Koski,1.0,0.0,4.0,2.0,0.0,0.0,1.0,1.0,5.0,DEF
2026-09-30,La Liga,espn:149622,Jan Oblak,0.0,0.0,4.0,0.0,0.0,0.0,3.0,2.0,4.0,GK
2026-09-30,La Liga,espn:150451,Aïssa Mandi,0.0,0.0,3.0,0.0,2.0,0.0,0.0,1.0,7.0,DEF
2026-09-30,La Liga,espn:156172,Gerard Moreno,1.0,0.0,3.0,1.0,0.0,0.0,1.0,0.0,6.0,FWD
2026-09-30,La Liga,espn:157568,Ximo Navarro,0.0,0.0,3.0,0.0,0.0,0.0,1.0,0.0,4.0,DEF
2026-09-30,La Liga,espn:157708,Iñigo Ruiz de Galarreta,0.0,0.0,3.0,0.0,1.0,0.0,1.0,2.0,1.0,MID
2026-09-30,La Liga,espn:159135,Odisseas Vlachodimos,0.0,0.0,4.0,0.0,0.0,0.0,2.0,2.0,4.0,GK
2026-09-30,La Liga,espn:159317,Aymeric Laporte,0.0,0.0,3.0,0.0,0.0,0.0,1.0,2.0,1.0,DEF
2026-09-30,La Liga,espn:163068,Denis Suárez,0.0,0.0,3.0,0.0,0.0,0.0,1.0,0.0,5.0,MID
2026-09-30,La Liga,espn:16340,Javier Guerra,0.0,1.0,4.0,1.0,1.0,0.0,1.0,1.0,9.0,FWD
2026-09-30,La Liga,espn:165334,Stole Dimitrievski,0.0,0.0,4.0,0.0,0.0,0.0,1.0,1.0,9.0,GK
2026-09-30,La Liga,espn:166396,Alejandro Grimaldo,2.0,1.0,4.0,3.0,0.0,0.0,3.0,2.0,4.0,DEF
2026-09-30,La Liga,espn:167297,Pedro Bigas,0.0,0.0,2.0,1.0,0.0,0.0,1.0,0.0,4.0,DEF
2026-09-30,La Liga,espn:169089,Moi Gómez,0.0,1.0,1.0,0.0,0.0,0.0,0.0,0.0,5.0,MID
2026-09-30,La Liga,espn:169438,Antonio Rüdiger,1.0,0.0,2.0,2.0,0.0,0.0,1.0,0.0,3.0,DEF
2026-09-30,La Liga,espn:170154,Lucas Torró,0.0,0.0,2.0,0.0,0.0,0.0,0.0,0.0,5.0,MID
2026-09-30,La Liga,espn:173247,Johan Mojica,0.0,0.0,4.0,0.0,2.0,0.0,1.0,1.0,3.0,DEF
2026-09-30,La Liga,espn:173749,Matías Dituro,0.0,0.0,4.0,0.0,0.0,0.0,1.0,0.0,8.0,GK
2026-09-30,La Liga,espn:176312,Jonny,0.0,0.0,3.0,1.0,0.0,0.0,1.0,1.0,4.0,DEF
2026-09-30,La Liga,espn:176399,João Cancelo,1.0,0.0,3.0,2.0,1.0,0.0,3.0,0.0,5.0,DEF
2026-09-30,La Liga,espn:178237,Jorge Salinas,0.0,0.0,4.0,1.0,1.0,0.0,1.0,0.0,16.0,DEF
2026-09-30,La Liga,espn:178328,Rubén García,0.0,0.0,4.0,1.0,1.0,0.0,0.0,0.0,12.0,MID
2026-09-30,La Liga,espn:178747,José Gayà,0.0,0.0,4.0,0.0,1.0,0.0,1.0,1.0,9.0,DEF
2026-09-30,La Liga,espn:178978,Héctor Bellerín,0.0,0.0,4.0,2.0,0.0,0.0,3.0,2.0,2.0,DEF
2026-09-30,La Liga,espn:179211,Marko Dmitrovic,0.0,0.0,4.0,0.0,0.0,0.0,1.0,1.0,6.0,GK
2026-09-30,La Liga,espn:180444,Joaquín Muñoz,0.0,0.0,4.0,0.0,0.0,0.0,0.0,1.0,5.0,MID
2026-09-30,La Liga,espn:181355,Djené,0.0,0.0,4.0,0.0,0.0,0.0,1.0,1.0,3.0,DEF
2026-09-30,La Liga,espn:181530,Diego Llorente,0.0,0.0,1.0,0.0,0.0,0.0,1.0,1.0,0.0,DEF
2026-09-30,La Liga,espn:181757,Toni Martínez,0.0,0.0,3.0,0.0,0.0,0.0,0.0,1.0,3.0,FWD
2026-09-30,La Liga,espn:184488,José Salinas,0.0,0.0,4.0,0.0,1.0,0.0,0.0,1.0,5.0,DEF
2026-09-30,La Liga,espn:186024,Jeremy Toljan,0.0,1.0,3.0,0.0,0.0,0.0,0.0,1.0,7.0,DEF
2026-09-30,La Liga,espn:186430,Andreas Christensen,0.0,1.0,4.0,0.0,0.0,0.0,4.0,1.0,5.0,DEF
2026-09-30,La Liga,espn:187946,Dominik Livakovic,0.0,0.0,1.0,0.0,0.0,0.0,1.0,0.0,1.0,GK
2026-09-30,La Liga,espn:188391,Hugo Álvarez,0.0,2.0,2.0,0.0,0.0,0.0,1.0,1.0,1.0,MID
2026-09-30,La Liga,espn:188398,José María Giménez,0.0,0.0,4.0,1.0,0.0,0.0,1.0,0.0,5.0,DEF
2026-09-30,La Liga,espn:189804,Jesús Vázquez,0.0,0.0,4.0,0.0,0.0,0.0,1.0,1.0,9.0,DEF
2026-09-30,La Liga,espn:190291,Thomas Lemar,1.0,0.0,4.0,1.0,1.0,0.0,1.0,0.0,8.0,MID
2026-09-30,La Liga,espn:191360,Sergio Herrera,0.0,0.0,2.0,0.0,0.0,0.0,0.0,0.0,7.0,GK
2026-09-30,La Liga,espn:192133,Ayoze Pérez,1.0,2.0,4.0,4.0,0.0,0.0,2.0,0.0,7.0,FWD
2026-09-30,La Liga,espn:192430,Einar Galilea,0.0,0.0,3.0,0.0,2.0,0.0,0.0,1.0,4.0,DEF
2026-09-30,La Liga,espn:192893,Daniel Cárdenas,0.0,0.0,1.0,0.0,0.0,0.0,1.0,0.0,2.0,GK
2026-09-30,La Liga,espn:193943,Diego Rico,0.0,0.0,2.0,0.0,0.0,0.0,0.0,0.0,3.0,DEF
2026-09-30,La Liga,espn:194553,Ezequiel Ponce,0.0,0.0,1.0,0.0,0.0,0.0,0.0,0.0,3.0,FWD
2026-09-30,La Liga,espn:195790,Carl Starfelt,1.0,0.0,1.0,1.0,1.0,0.0,0.0,0.0,1.0,DEF
2026-09-30,La Liga,espn:196339,David Soria,0.0,0.0,4.0,0.0,0.0,0.0,1.0,1.0,3.0,GK
2026-09-30,La Liga,espn:198832,Mariano Díaz,1.0,1.0,4.0,4.0,0.0,0.0,1.0,1.0,5.0,FWD
2026-09-30,La Liga,espn:199833,Bernardo Silva,0.0,1.0,3.0,0.0,0.0,0.0,1.0,0.0,4.0,MID
2026-09-30,La Liga,espn:200910,Antonio Sivera,0.0,1.0,4.0,0.0,0.0,0.0,1.0,1.0,5.0,GK
2026-09-30,La Liga,espn:203680,Víctor García,0.0,0.0,2.0,0.0,0.0,0.0,0.0,0.0,7.0,MID
2026-09-30,La Liga,espn:203711,Unai López,0.0,2.0,4.0,0.0,1.0,0.0,2.0,0.0,8.0,MID
2026-09-30,La Liga,espn:206474,Marcos Llorente,0.0,0.0,4.0,2.0,0.0,0.0,3.0,2.0,4.0,MID
2026-09-30,La Liga,espn:207236,Lucas Boyé,3.0,0.0,4.0,4.0,0.0,0.0,1.0,1.0,5.0,FWD
2026-09-30,La Liga,espn:207288,Ante Budimir,3.0,0.0,4.0,6.0,0.0,0.0,0.0,0.0,12.0,FWD
2026-09-30,La Liga,espn:207834,Emil Audero,0.0,0.0,3.0,0.0,0.0,0.0,1.0,0.0,6.0,GK
2026-09-30,La Liga,espn:209580,Enrique Barja,0.0,0.0,3.0,0.0,1.0,0.0,0.0,0.0,7.0,MID
2026-09-30,La Liga,espn:210397,Nicolas Pépé,1.0,0.0,3.0,2.0,0.0,0.0,1.0,0.0,6.0,MID
2026-09-30,La Liga,espn:212185,Guido Rodríguez,0.0,0.0,2.0,0.0,1.0,0.0,1.0,1.0,3.0,MID
2026-09-30,La Liga,espn:213050,Fran García,0.0,0.0,3.0,0.0,0.0,0.0,2.0,1.0,2.0,DEF
2026-09-30,La Liga,espn:213141,Gonçalo Guedes,0.0,0.0,4.0,1.0,0.0,0.0,2.0,1.0,7.0,MID
2026-09-30,La Liga,espn:213248,Denzel Dumfries,0.0,0.0,4.0,1.0,1.0,0.0,2.0,0.0,6.0,DEF
2026-09-30,La Liga,espn:214319,Angeliño,0.0,0.0,1.0,0.0,0.0,1.0,0.0,0.0,1.0,DEF
2026-09-30,La Liga,espn:214412,Iñaki Williams,1.0,1.0,3.0,1.0,0.0,0.0,1.0,2.0,1.0,FWD
2026-09-30,La Liga,espn:214888,Robin Le Normand,1.0,0.0,2.0,1.0,0.0,0.0,2.0,1.0,1.0,DEF
2026-09-30,La Liga,espn:217225,Yeray,0.0,0.0,2.0,0.0,0.0,0.0,1.0,1.0,1.0,DEF
2026-09-30,La Liga,espn:217319,Álex Remiro,0.0,0.0,3.0,0.0,0.0,0.0,1.0,1.0,5.0,GK
2026-09-30,La Liga,espn:218122,Enes Ünal,0.0,0.0,4.0,1.0,1.0,0.0,1.0,1.0,3.0,FWD
2026-09-30,La Liga,espn:222037,Gabriel Suazo,0.0,0.0,4.0,0.0,0.0,0.0,2.0,2.0,4.0,DEF
2026-09-30,La Liga,espn:222365,Asier Villalibre,0.0,1.0,3.0,0.0,0.0,0.0,1.0,0.0,13.0,FWD
2026-09-30,La Liga,espn:222375,Unai Simón,0.0,0.0,3.0,0.0,0.0,0.0,1.0,2.0,1.0,GK
2026-09-30,La Liga,espn:222661,Pablo Maffeo,0.0,0.0,4.0,1.0,1.0,0.0,1.0,1.0,9.0,DEF
2026-09-30,La Liga,espn:223532,Trent Alexander-Arnold,0.0,0.0,2.0,0.0,0.0,0.0,1.0,0.0,3.0,DEF
2026-09-30,La Liga,espn:227714,Pablo Fornals,0.0,0.0,3.0,0.0,0.0,0.0,2.0,1.0,2.0,MID
2026-09-30,La Liga,espn:227765,Dani Olmo,0.0,3.0,4.0,1.0,0.0,0.0,4.0,1.0,5.0,MID
2026-09-30,La Liga,espn:228424,Orel Mangala,0.0,0.0,4.0,0.0,0.0,0.0,1.0,1.0,3.0,MID
2026-09-30,La Liga,espn:229018,Mikel Oyarzabal,0.0,0.0,4.0,2.0,1.0,0.0,2.0,1.0,7.0,FWD
2026-09-30,La Liga,espn:229645,Ademola Lookman,0.0,0.0,4.0,0.0,1.0,0.0,3.0,2.0,4.0,FWD
2026-09-30,La Liga,espn:231050,Raphinha,7.0,2.0,4.0,9.0,0.0,0.0,4.0,1.0,5.0,FWD
2026-09-30,La Liga,espn:231388,Kylian Mbappé,3.0,2.0,4.0,8.0,0.0,0.0,2.0,0.0,6.0,FWD
2026-09-30,La Liga,espn:231603,Pepelu,0.0,0.0,4.0,0.0,1.0,0.0,1.0,1.0,9.0,DEF
2026-09-30,La Liga,espn:231618,Arnaut Danjuma,0.0,0.0,4.0,3.0,0.0,0.0,1.0,1.0,9.0,MID
2026-09-30,La Liga,espn:231828,Rodri,0.0,0.0,4.0,0.0,1.0,0.0,4.0,1.0,5.0,MID
2026-09-30,La Liga,espn:231838,Javi Galán,0.0,0.0,4.0,0.0,0.0,0.0,1.0,2.0,2.0,MID
2026-09-30,La Liga,espn:232803,Aliou Dieng,0.0,0.0,2.0,0.0,0.0,0.0,0.0,0.0,6.0,MID
2026-09-30,La Liga,espn:233802,Carles Aleñá,0.0,1.0,4.0,0.0,0.0,0.0,1.0,1.0,5.0,MID
2026-09-30,La Liga,espn:235072,Carlos Soler,1.0,2.0,4.0,2.0,0.0,0.0,2.0,1.0,7.0,MID
2026-09-30,La Liga,espn:235693,Igor Zubeldia,0.0,0.0,2.0,0.0,0.0,0.0,1.0,1.0,2.0,DEF
2026-09-30,La Liga,espn:235818,Federico Valverde,0.0,0.0,4.0,0.0,0.0,0.0,2.0,0.0,6.0,MID
2026-09-30,La Liga,espn:236185,Yangel Herrera,1.0,0.0,4.0,2.0,2.0,0.0,2.0,1.0,7.0,MID
2026-09-30,La Liga,espn:240623,Santi Comesaña,0.0,0.0,3.0,1.0,1.0,0.0,1.0,0.0,6.0,MID
2026-09-30,La Liga,espn:240624,Alfonso Herrero,0.0,0.0,4.0,0.0,1.0,0.0,0.0,1.0,5.0,GK
2026-09-30,La Liga,espn:241117,Mouctar Diakhaby,0.0,0.0,1.0,0.0,0.0,0.0,0.0,0.0,5.0,DEF
2026-09-30,La Liga,espn:242007,Aarón Martín,0.0,0.0,3.0,0.0,0.0,0.0,0.0,0.0,15.0,DEF
2026-09-30,La Liga,espn:242008,Marc Roca,0.0,0.0,3.0,0.0,1.0,0.0,2.0,1.0,2.0,MID
2026-09-30,La Liga,espn:248276,Alex Freeman,0.0,0.0,4.0,1.0,0.0,0.0,2.0,0.0,7.0,DEF
2026-09-30,La Liga,espn:248681,Filip Ugrinic,0.0,0.0,4.0,0.0,0.0,0.0,1.0,1.0,9.0,MID
2026-09-30,La Liga,espn:250465,Pedri,1.0,0.0,4.0,1.0,0.0,0.0,4.0,1.0,5.0,MID
2026-09-30,La Liga,espn:251634,Ibrahima Konaté,0.0,0.0,4.0,0.0,2.0,0.0,2.0,0.0,6.0,DEF
2026-09-30,La Liga,espn:252107,Vinícius Júnior,0.0,1.0,4.0,4.0,1.0,0.0,2.0,0.0,6.0,MID
2026-09-30,La Liga,espn:253754,Carlos Protesoni,0.0,0.0,2.0,0.0,0.0,0.0,0.0,1.0,2.0,MID
2026-09-30,La Liga,espn:254270,Chidera Ejuke,0.0,0.0,3.0,0.0,1.0,0.0,1.0,1.0,4.0,FWD
2026-09-30,La Liga,espn:254320,Jon Guridi,0.0,0.0,4.0,0.0,1.0,0.0,2.0,2.0,4.0,MID
2026-09-30,La Liga,espn:255272,Edu Expósito,0.0,0.0,4.0,0.0,1.0,0.0,1.0,1.0,6.0,MID
2026-09-30,La Liga,espn:255889,Pape Gueye,2.0,0.0,4.0,3.0,0.0,0.0,2.0,0.0,7.0,MID
2026-09-30,La Liga,espn:256587,Takefusa Kubo,0.0,0.0,2.0,0.0,0.0,0.0,0.0,1.0,3.0,MID
2026-09-30,La Liga,espn:257786,Dávid Hancko,0.0,1.0,4.0,1.0,0.0,0.0,3.0,2.0,4.0,DEF
2026-09-30,La Liga,espn:258923,Giorgi Kochorashvili,0.0,1.0,4.0,0.0,1.0,0.0,2.0,2.0,4.0,MID
2026-09-30,La Liga,espn:259839,Manu,0.0,0.0,2.0,0.0,0.0,0.0,0.0,0.0,10.0,DEF
2026-09-30,La Liga,espn:259910,Marc Cucurella,0.0,0.0,4.0,0.0,0.0,0.0,2.0,0.0,6.0,DEF
2026-09-30,La Liga,espn:259915,Miguel Loureiro,0.0,0.0,2.0,0.0,0.0,0.0,1.0,0.0,3.0,DEF
2026-09-30,La Liga,espn:259916,José Antonio Morente,0.0,2.0,4.0,1.0,1.0,0.0,1.0,0.0,8.0,MID
2026-09-30,La Liga,espn:260256,Ander Guevara,0.0,0.0,2.0,0.0,0.0,0.0,0.0,1.0,1.0,MID
2026-09-30,La Liga,espn:260740,Jorge de Frutos,0.0,0.0,2.0,2.0,0.0,1.0,1.0,0.0,3.0,FWD
2026-09-30,La Liga,espn:260902,Unai Núñez,0.0,0.0,2.0,0.0,0.0,0.0,0.0,0.0,4.0,DEF
2026-09-30,La Liga,espn:262061,Juan Berrocal,0.0,0.0,2.0,0.0,0.0,0.0,0.0,0.0,2.0,DEF
2026-09-30,La Liga,espn:262491,Nahuel Tenaglia,0.0,0.0,4.0,1.0,1.0,0.0,1.0,1.0,5.0,DEF
2026-09-30,La Liga,espn:264078,Pedro Díaz,0.0,0.0,4.0,2.0,0.0,0.0,2.0,0.0,8.0,MID
2026-09-30,La Liga,espn:264175,Alejandro Catena,0.0,0.0,3.0,0.0,0.0,0.0,0.0,0.0,8.0,DEF
2026-09-30,La Liga,espn:264217,Óscar Valentín,0.0,0.0,4.0,0.0,1.0,0.0,2.0,0.0,8.0,MID
2026-09-30,La Liga,espn:265919,Aurélien Tchouaméni,0.0,0.0,3.0,0.0,0.0,0.0,2.0,0.0,5.0,MID
2026-09-30,La Liga,espn:265993,Sergio Gómez,0.0,0.0,4.0,1.0,0.0,0.0,2.0,1.0,7.0,DEF
2026-09-30,La Liga,espn:265995,Víctor Chust,0.0,1.0,4.0,1.0,0.0,0.0,1.0,0.0,8.0,DEF
2026-09-30,La Liga,espn:265996,Mujaid Sadick,0.0,0.0,3.0,0.0,0.0,0.0,1.0,0.0,6.0,DEF
2026-09-30,La Liga,espn:265997,Antonio Blanco,0.0,0.0,4.0,0.0,2.0,0.0,1.0,1.0,5.0,MID
2026-09-30,La Liga,espn:267477,Hugo Duro,0.0,1.0,4.0,0.0,0.0,0.0,1.0,1.0,9.0,FWD
2026-09-30,La Liga,espn:267591,Roger Brugué,1.0,0.0,3.0,3.0,0.0,0.0,0.0,1.0,7.0,FWD
2026-09-30,La Liga,espn:268782,Anthony Gordon,0.0,1.0,3.0,1.0,0.0,0.0,3.0,1.0,3.0,FWD
2026-09-30,La Liga,espn:269339,Orio Rey,0.0,0.0,3.0,0.0,0.0,0.0,0.0,1.0,7.0,MID
2026-09-30,La Liga,espn:269655,Junior Firpo,0.0,0.0,1.0,0.0,0.0,0.0,1.0,1.0,0.0,DEF
2026-09-30,La Liga,espn:270610,Eneko Jauregui,0.0,0.0,1.0,1.0,1.0,0.0,0.0,0.0,1.0,FWD
2026-09-30,La Liga,espn:271129,Logan Costa,0.0,0.0,1.0,0.0,0.0,0.0,0.0,0.0,3.0,DEF
2026-09-30,La Liga,espn:271151,Pablo Martínez,0.0,1.0,4.0,1.0,1.0,0.0,0.0,1.0,5.0,MID
2026-09-30,La Liga,espn:271904,Carlos Romero,0.0,0.0,2.0,0.0,0.0,0.0,1.0,0.0,3.0,DEF
2026-09-30,La Liga,espn:273424,Gonzalo Villar,0.0,0.0,4.0,0.0,1.0,0.0,1.0,0.0,8.0,MID
2026-09-30,La Liga,espn:273499,Jonathan David,3.0,1.0,3.0,6.0,0.0,0.0,3.0,2.0,1.0,FWD
2026-09-30,La Liga,espn:274197,Lee Kang-In,1.0,0.0,4.0,5.0,1.0,0.0,3.0,2.0,4.0,FWD
2026-09-30,La Liga,espn:274911,Morten Hjulmand,0.0,0.0,4.0,0.0,0.0,0.0,3.0,2.0,4.0,MID
2026-09-30,La Liga,espn:274913,Karim Adeyemi,1.0,1.0,4.0,4.0,1.0,0.0,4.0,1.0,5.0,FWD
2026-09-30,La Liga,espn:275924,Giacomo Quagliata,0.0,0.0,4.0,1.0,0.0,0.0,1.0,0.0,5.0,DEF
2026-09-30,La Liga,espn:276067,Giorgi Tsitaishvili,0.0,0.0,4.0,2.0,1.0,0.0,2.0,0.0,8.0,MID
2026-09-30,La Liga,espn:276652,Sergio Camello,4.0,1.0,4.0,7.0,1.0,0.0,2.0,0.0,8.0,FWD
2026-09-30,La Liga,espn:276841,Adrián de la Fuente,0.0,0.0,3.0,1.0,1.0,0.0,0.0,1.0,7.0,DEF
2026-09-30,La Liga,espn:276996,Robert Navarro,1.0,0.0,3.0,3.0,0.0,0.0,1.0,2.0,1.0,MID
2026-09-30,La Liga,espn:277292,Adrià Pedrosa,1.0,1.0,4.0,2.0,0.0,0.0,2.0,0.0,8.0,DEF
2026-09-30,La Liga,espn:277307,Youssouf Fofana,1.0,0.0,4.0,2.0,0.0,0.0,2.0,2.0,4.0,MID
2026-09-30,La Liga,espn:279609,Riki Rodríguez,0.0,0.0,3.0,0.0,0.0,0.0,1.0,0.0,4.0,MID
2026-09-30,La Liga,espn:279699,Íñigo Sainz,0.0,0.0,2.0,0.0,0.0,0.0,0.0,0.0,12.0,MID
2026-09-30,La Liga,espn:279738,Juan Iglesias,1.0,0.0,4.0,2.0,1.0,0.0,2.0,2.0,4.0,DEF
2026-09-30,La Liga,espn:279790,Troy Parrott,1.0,1.0,2.0,2.0,0.0,0.0,2.0,2.0,0.0,FWD
2026-09-30,La Liga,espn:279904,Ferran Jutglà,1.0,0.0,4.0,3.0,0.0,0.0,1.0,2.0,2.0,FWD
2026-09-30,La Liga,espn:281558,Antony,0.0,0.0,4.0,8.0,0.0,0.0,3.0,2.0,2.0,FWD
2026-09-30,La Liga,espn:282086,Justin de Haas,0.0,0.0,2.0,0.0,1.0,0.0,1.0,1.0,3.0,DEF
2026-09-30,La Liga,espn:282289,Lucien Agoumé,0.0,0.0,4.0,0.0,1.0,0.0,2.0,2.0,4.0,MID
2026-09-30,La Liga,espn:282672,Pablo Ramon,0.0,0.0,3.0,1.0,1.0,0.0,1.0,0.0,9.0,DEF
2026-09-30,La Liga,espn:283892,Álvaro Valles,0.0,0.0,4.0,0.0,0.0,0.0,3.0,2.0,2.0,GK
2026-09-30,La Liga,espn:283941,Ander Barrenetxea,1.0,0.0,3.0,1.0,0.0,0.0,1.0,1.0,5.0,MID
2026-09-30,La Liga,espn:284699,Iñigo Vicente,0.0,1.0,4.0,1.0,2.0,0.0,1.0,0.0,16.0,MID
2026-09-30,La Liga,espn:284769,Tajon Buchanan,0.0,0.0,4.0,2.0,2.0,0.0,2.0,0.0,7.0,MID
2026-09-30,La Liga,espn:284854,Martín Satriano,1.0,1.0,4.0,2.0,0.0,0.0,1.0,1.0,3.0,MID
2026-09-30,La Liga,espn:285150,Eduardo Camavinga,0.0,0.0,3.0,0.0,1.0,0.0,1.0,0.0,4.0,MID
2026-09-30,La Liga,espn:285756,Sebastián Cáceres,0.0,0.0,2.0,0.0,0.0,0.0,1.0,1.0,1.0,DEF
2026-09-30,La Liga,espn:286176,Jon Moncayola,0.0,0.0,4.0,0.0,2.0,0.0,0.0,0.0,12.0,MID
2026-09-30,La Liga,espn:286604,André Almeida,0.0,0.0,3.0,0.0,0.0,1.0,1.0,0.0,9.0,MID
2026-09-30,La Liga,espn:287224,Andrei Ratiu,1.0,0.0,4.0,2.0,0.0,0.0,2.0,0.0,8.0,DEF
2026-09-30,La Liga,espn:288900,Felix Correia,0.0,1.0,3.0,1.0,0.0,0.0,2.0,2.0,3.0,MID
2026-09-30,La Liga,espn:289072,Sergi Cardona,0.0,0.0,3.0,0.0,0.0,0.0,2.0,0.0,5.0,DEF
2026-09-30,La Liga,espn:290802,Johnny Cardoso,0.0,1.0,4.0,0.0,1.0,0.0,3.0,2.0,4.0,MID
2026-09-30,La Liga,espn:291281,Jude Bellingham,1.0,0.0,4.0,3.0,1.0,0.0,2.0,0.0,6.0,MID
2026-09-30,La Liga,espn:291616,Oihan Sancet,1.0,0.0,3.0,2.0,0.0,0.0,1.0,2.0,1.0,MID
2026-09-30,La Liga,espn:294228,Pathé Ciss,0.0,0.0,4.0,0.0,3.0,0.0,2.0,0.0,8.0,MID
2026-09-30,La Liga,espn:296163,Raúl García,0.0,0.0,4.0,3.0,0.0,0.0,0.0,0.0,12.0,FWD
2026-09-30,La Liga,espn:297353,Mario Soriano Carreno,0.0,1.0,4.0,1.0,0.0,0.0,1.0,0.0,5.0,MID
2026-09-30,La Liga,espn:297358,Germán Valera,1.0,0.0,4.0,1.0,1.0,0.0,1.0,0.0,8.0,FWD
2026-09-30,La Liga,espn:297362,Joan García,0.0,0.0,3.0,0.0,0.0,0.0,3.0,1.0,4.0,GK
2026-09-30,La Liga,espn:297371,Beñat Turrientes,0.0,0.0,1.0,2.0,0.0,0.0,0.0,1.0,0.0,MID
2026-09-30,La Liga,espn:297373,Álex Baena,1.0,0.0,4.0,4.0,0.0,0.0,3.0,2.0,4.0,MID
2026-09-30,La Liga,espn:297828,David Larrubia,0.0,0.0,4.0,0.0,2.0,0.0,0.0,1.0,5.0,MID
2026-09-30,La Liga,espn:297829,Ilaix Moriba,1.0,0.0,4.0,1.0,0.0,0.0,1.0,2.0,2.0,MID
2026-09-30,La Liga,espn:298343,Sergio Carreira,0.0,0.0,4.0,1.0,0.0,0.0,1.0,2.0,2.0,MID
2026-09-30,La Liga,espn:300002,Georges Mikautadze,1.0,0.0,4.0,6.0,0.0,0.0,2.0,0.0,7.0,FWD
2026-09-30,La Liga,espn:300111,Zaid Romero,0.0,0.0,3.0,0.0,0.0,1.0,1.0,1.0,2.0,DEF
2026-09-30,La Liga,espn:300284,Abel Bretones,0.0,0.0,4.0,0.0,2.0,0.0,0.0,0.0,12.0,DEF
2026-09-30,La Liga,espn:300471,Alvaro Mantilla,0.0,0.0,3.0,0.0,0.0,0.0,1.0,0.0,9.0,DEF
2026-09-30,La Liga,espn:300876,Jesús Areso,0.0,0.0,3.0,1.0,1.0,0.0,1.0,2.0,1.0,DEF
2026-09-30,La Liga,espn:300912,Abde Ezzalzouli,1.0,0.0,3.0,3.0,0.0,0.0,2.0,1.0,2.0,FWD
2026-09-30,La Liga,espn:300926,Leo Román,0.0,0.0,4.0,0.0,0.0,0.0,1.0,0.0,5.0,GK
2026-09-30,La Liga,espn:300985,Manu Sánchez,0.0,0.0,3.0,0.0,0.0,0.0,0.0,1.0,7.0,DEF
2026-09-30,La Liga,espn:301406,Marc Aguado,0.0,0.0,1.0,0.0,1.0,0.0,0.0,0.0,3.0,MID
2026-09-30,La Liga,espn:301526,Natan,1.0,0.0,4.0,1.0,1.0,0.0,3.0,2.0,2.0,DEF
2026-09-30,La Liga,espn:301684,Fer Niño,4.0,0.0,4.0,6.0,1.0,0.0,1.0,0.0,8.0,FWD
2026-09-30,La Liga,espn:303906,Raúl Moro,0.0,0.0,4.0,1.0,0.0,0.0,0.0,0.0,12.0,MID
2026-09-30,La Liga,espn:304213,Arouna Sangante,0.0,0.0,2.0,0.0,0.0,1.0,0.0,0.0,4.0,DEF
2026-09-30,La Liga,espn:306263,Luka Sucic,2.0,0.0,4.0,4.0,2.0,0.0,2.0,1.0,7.0,FWD
2026-09-30,La Liga,espn:306520,Tyrhys Dolan,0.0,0.0,3.0,0.0,0.0,0.0,1.0,1.0,4.0,MID
2026-09-30,La Liga,espn:307186,Francho Serrano,0.0,0.0,3.0,1.0,1.0,0.0,1.0,1.0,2.0,MID
2026-09-30,La Liga,espn:307390,Alberto Moleiro,2.0,2.0,4.0,6.0,0.0,0.0,2.0,0.0,7.0,MID
2026-09-30,La Liga,espn:307648,Luiz Júnior,0.0,0.0,1.0,0.0,0.0,0.0,0.0,0.0,3.0,GK
2026-09-30,La Liga,espn:307905,Enzo Boyomo,0.0,0.0,2.0,0.0,0.0,0.0,0.0,0.0,9.0,DEF
2026-09-30,La Liga,espn:307915,Urko Gonzalez,0.0,0.0,4.0,0.0,0.0,0.0,1.0,1.0,6.0,MID
2026-09-30,La Liga,espn:308006,Adrià Altimira,0.0,0.0,1.0,0.0,0.0,0.0,0.0,0.0,1.0,DEF
2026-09-30,La Liga,espn:308254,Aitor Paredes,0.0,0.0,2.0,0.0,0.0,0.0,1.0,2.0,0.0,DEF
2026-09-30,La Liga,espn:308728,Arnau Martínez,0.0,0.0,3.0,0.0,1.0,0.0,1.0,1.0,6.0,DEF
2026-09-30,La Liga,espn:309838,Ramón Terrats,1.0,0.0,3.0,4.0,2.0,0.0,1.0,1.0,2.0,MID
2026-09-30,La Liga,espn:310259,Ivan Azón,1.0,1.0,4.0,4.0,1.0,0.0,1.0,1.0,3.0,MID
2026-09-30,La Liga,espn:3102992,Bright Ede,0.0,0.0,1.0,0.0,1.0,0.0,0.0,0.0,1.0,DEF
2026-09-30,La Liga,espn:310452,Arda Güler,0.0,1.0,4.0,2.0,1.0,0.0,2.0,0.0,6.0,MID
2026-09-30,La Liga,espn:310637,Álvaro Carreras,1.0,0.0,2.0,1.0,0.0,0.0,1.0,0.0,2.0,DEF
2026-09-30,La Liga,espn:310682,Omar El Hilali,0.0,1.0,3.0,0.0,1.0,1.0,1.0,1.0,3.0,DEF
2026-09-30,La Liga,espn:311054,Iván Romero,2.0,0.0,3.0,5.0,0.0,0.0,0.0,1.0,7.0,FWD
2026-09-30,La Liga,espn:311163,Nathan Saliba,0.0,0.0,4.0,0.0,0.0,0.0,2.0,0.0,7.0,MID
2026-09-30,La Liga,espn:311571,Bryan Zaragoza,0.0,0.0,4.0,3.0,0.0,0.0,1.0,1.0,6.0,MID
2026-09-30,La Liga,espn:3115984,Gnangoro Bouare Samake,0.0,0.0,4.0,0.0,1.0,0.0,2.0,0.0,8.0,MID
2026-09-30,La Liga,espn:311969,Jonathan Dubasin,0.0,0.0,4.0,1.0,0.0,0.0,0.0,0.0,12.0,MID
2026-09-30,La Liga,espn:312011,Unai Marrero,0.0,0.0,1.0,0.0,0.0,0.0,1.0,0.0,2.0,GK
2026-09-30,La Liga,espn:312015,Gerard Martín,0.0,0.0,4.0,0.0,1.0,0.0,4.0,1.0,5.0,DEF
2026-09-30,La Liga,espn:312146,Nico Williams,1.0,0.0,3.0,2.0,0.0,0.0,1.0,2.0,1.0,MID
2026-09-30,La Liga,espn:312392,Yeremay Hernández,0.0,1.0,4.0,0.0,1.0,0.0,1.0,0.0,5.0,MID
2026-09-30,La Liga,espn:317784,Jon Ander Olasagasti,0.0,0.0,3.0,0.0,0.0,0.0,0.0,1.0,7.0,MID
2026-09-30,La Liga,espn:318063,Jon Aramburu,0.0,0.0,4.0,1.0,1.0,0.0,2.0,1.0,7.0,DEF
2026-09-30,La Liga,espn:318084,Nicolás Valentini,0.0,0.0,3.0,0.0,0.0,0.0,0.0,1.0,3.0,DEF
2026-09-30,La Liga,espn:318098,Santiago Mouriño,0.0,0.0,3.0,0.0,0.0,0.0,2.0,0.0,4.0,DEF
2026-09-30,La Liga,espn:318181,Federico Redondo,0.0,0.0,3.0,0.0,1.0,1.0,1.0,0.0,5.0,DEF
2026-09-30,La Liga,espn:318284,Facundo Buonanotte,1.0,0.0,2.0,2.0,0.0,0.0,0.0,0.0,4.0,FWD
2026-09-30,La Liga,espn:318773,Roberto Fernández,3.0,0.0,4.0,3.0,0.0,0.0,1.0,1.0,6.0,FWD
2026-09-30,La Liga,espn:319114,Hugo Sotelo,0.0,0.0,2.0,0.0,1.0,0.0,0.0,1.0,4.0,MID
2026-09-30,La Liga,espn:319783,Ángel Recio,0.0,0.0,4.0,1.0,0.0,0.0,0.0,1.0,5.0,DEF
2026-09-30,La Liga,espn:320648,Lucas Cepeda,0.0,1.0,4.0,3.0,2.0,0.0,1.0,0.0,8.0,FWD
2026-09-30,La Liga,espn:321112,Lucas Noubi,0.0,0.0,2.0,0.0,1.0,0.0,1.0,0.0,3.0,DEF
2026-09-30,La Liga,espn:322652,Williot Swedberg,0.0,0.0,3.0,1.0,0.0,0.0,1.0,2.0,1.0,FWD
2026-09-30,La Liga,espn:322908,Nelson Deossa,0.0,1.0,4.0,4.0,0.0,0.0,3.0,2.0,2.0,MID
2026-09-30,La Liga,espn:322993,Robbie Ure,0.0,0.0,4.0,1.0,1.0,0.0,2.0,2.0,4.0,FWD
2026-09-30,La Liga,espn:323033,Lucas Stassin,1.0,0.0,3.0,4.0,0.0,0.0,2.0,2.0,1.0,FWD
2026-09-30,La Liga,espn:323286,Roy Revivo,0.0,2.0,4.0,0.0,0.0,0.0,1.0,0.0,8.0,DEF
2026-09-30,La Liga,espn:323737,Clemens Riedel,0.0,0.0,4.0,1.0,2.0,0.0,1.0,1.0,6.0,DEF
2026-09-30,La Liga,espn:323838,Giuliano Simeone,1.0,1.0,4.0,1.0,0.0,0.0,3.0,2.0,4.0,MID
2026-09-30,La Liga,espn:323970,Julen Agirrezabala,0.0,0.0,4.0,0.0,0.0,0.0,1.0,0.0,16.0,GK
2026-09-30,La Liga,espn:324098,Carlos Dotor,1.0,0.0,3.0,2.0,0.0,0.0,0.0,1.0,4.0,MID
2026-09-30,La Liga,espn:324166,Luismi Cruz,1.0,0.0,4.0,1.0,0.0,0.0,1.0,0.0,5.0,MID
2026-09-30,La Liga,espn:324811,Hugo Gonzalez,1.0,2.0,3.0,4.0,0.0,0.0,1.0,1.0,2.0,FWD
2026-09-30,La Liga,espn:330545,Iván Martín,0.0,0.0,3.0,0.0,0.0,0.0,1.0,0.0,9.0,MID
2026-09-30,La Liga,espn:330552,César Tárrega,0.0,0.0,2.0,0.0,0.0,0.0,0.0,0.0,6.0,DEF
2026-09-30,La Liga,espn:331047,Ilias Akhomach,0.0,2.0,3.0,1.0,1.0,0.0,2.0,0.0,5.0,MID
2026-09-30,La Liga,espn:331533,Daniel Lorenzo,0.0,0.0,4.0,0.0,1.0,0.0,0.0,1.0,5.0,MID
2026-09-30,La Liga,espn:331586,Javi Rueda,0.0,0.0,4.0,0.0,1.0,0.0,1.0,2.0,2.0,MID
2026-09-30,La Liga,espn:331785,Carlos Puga,0.0,0.0,3.0,0.0,1.0,0.0,0.0,1.0,4.0,DEF
2026-09-30,La Liga,espn:332246,Andrés Castrín,0.0,0.0,4.0,1.0,0.0,0.0,2.0,2.0,4.0,DEF
2026-09-30,La Liga,espn:332613,Marc Pubill,0.0,0.0,4.0,0.0,1.0,0.0,3.0,2.0,4.0,DEF
2026-09-30,La Liga,espn:333214,Johaneko Louis Jean,0.0,0.0,3.0,0.0,0.0,0.0,1.0,2.0,1.0,DEF
2026-09-30,La Liga,espn:333927,Jeanuël Belocian,0.0,0.0,3.0,0.0,1.0,0.0,1.0,0.0,9.0,DEF
2026-09-30,La Liga,espn:334111,Jones El-Abdellaoui,0.0,0.0,1.0,0.0,0.0,0.0,0.0,0.0,1.0,MID
2026-09-30,La Liga,espn:334163,Enrique Salas,0.0,0.0,3.0,2.0,1.0,0.0,2.0,2.0,1.0,DEF
2026-09-30,La Liga,espn:334268,Juan Carlos Arana,0.0,0.0,2.0,0.0,0.0,0.0,0.0,0.0,10.0,FWD
2026-09-30,La Liga,espn:334794,Enzo Bardeli,0.0,0.0,3.0,0.0,0.0,0.0,0.0,1.0,7.0,MID
2026-09-30,La Liga,espn:336480,Valentín Gómez,0.0,0.0,2.0,0.0,1.0,0.0,1.0,1.0,1.0,DEF
2026-09-30,La Liga,espn:336634,Pablo Barrios,0.0,0.0,1.0,1.0,0.0,0.0,0.0,0.0,3.0,MID
2026-09-30,La Liga,espn:336809,Cucho Hernández,2.0,0.0,4.0,5.0,0.0,0.0,3.0,2.0,2.0,FWD
2026-09-30,La Liga,espn:336840,Abiel Osorio,1.0,0.0,4.0,3.0,2.0,0.0,1.0,0.0,8.0,FWD
2026-09-30,La Liga,espn:337011,Renato Veiga,0.0,1.0,4.0,0.0,1.0,0.0,2.0,0.0,7.0,DEF
2026-09-30,La Liga,espn:339195,Thiago Fernández,0.0,0.0,2.0,1.0,0.0,0.0,0.0,1.0,3.0,FWD
2026-09-30,La Liga,espn:340677,Martim Neto,0.0,0.0,2.0,0.0,0.0,0.0,0.0,0.0,4.0,MID
2026-09-30,La Liga,espn:341367,Orri Óskarsson,0.0,0.0,3.0,0.0,0.0,1.0,1.0,1.0,5.0,FWD
2026-09-30,La Liga,espn:342136,Petar Ratkov,0.0,0.0,2.0,0.0,0.0,0.0,0.0,0.0,7.0,FWD
2026-09-30,La Liga,espn:342654,Maguette Gueye,1.0,0.0,2.0,1.0,0.0,0.0,1.0,0.0,8.0,MID
2026-09-30,La Liga,espn:345489,Marc Casadó,0.0,0.0,3.0,0.0,0.0,0.0,1.0,0.0,4.0,MID
2026-09-30,La Liga,espn:345991,Abde Rebbach,0.0,0.0,4.0,2.0,1.0,0.0,1.0,1.0,5.0,DEF
2026-09-30,La Liga,espn:346210,Quilindschy Hartman,0.0,0.0,3.0,0.0,0.0,0.0,0.0,0.0,6.0,MID
2026-09-30,La Liga,espn:353736,Miguel Román,1.0,1.0,4.0,1.0,0.0,0.0,1.0,2.0,2.0,MID
2026-09-30,La Liga,espn:354334,Fermín López,1.0,2.0,3.0,3.0,1.0,0.0,3.0,1.0,3.0,MID
2026-09-30,La Liga,espn:354621,Marcos Fernández,1.0,1.0,4.0,4.0,1.0,0.0,1.0,1.0,6.0,MID
2026-09-30,La Liga,espn:355433,Mamadou Sarr,0.0,0.0,2.0,0.0,0.0,0.0,1.0,0.0,5.0,DEF
2026-09-30,La Liga,espn:355902,Cala,0.0,0.0,4.0,1.0,1.0,0.0,1.0,1.0,6.0,MID
2026-09-30,La Liga,espn:356000,Dean Huijsen,0.0,0.0,3.0,2.0,0.0,1.0,1.0,0.0,5.0,DEF
2026-09-30,La Liga,espn:356080,Andrés García,0.0,0.0,3.0,1.0,0.0,0.0,1.0,1.0,2.0,DEF
2026-09-30,La Liga,espn:356639,Lorenzo Amatucci,0.0,0.0,3.0,0.0,2.0,0.0,1.0,0.0,4.0,MID
2026-09-30,La Liga,espn:357147,Mario Martín,0.0,0.0,3.0,2.0,1.0,1.0,0.0,0.0,3.0,MID
2026-09-30,La Liga,espn:357858,Rafa Rodríguez,0.0,0.0,1.0,1.0,0.0,0.0,0.0,0.0,1.0,MID
2026-09-30,La Liga,espn:359154,Iker Muñoz,0.0,0.0,3.0,1.0,0.0,0.0,0.0,0.0,8.0,MID
2026-09-30,La Liga,espn:359826,Sebastián Boselli,0.0,0.0,3.0,0.0,1.0,0.0,0.0,0.0,3.0,DEF
2026-09-30,La Liga,espn:359912,Facundo Bernal,0.0,0.0,4.0,0.0,1.0,0.0,3.0,2.0,2.0,MID
2026-09-30,La Liga,espn:360096,Ryunosuke Sato,0.0,0.0,2.0,0.0,1.0,0.0,0.0,0.0,6.0,MID
2026-09-30,La Liga,espn:361455,Pedro Felipe,0.0,0.0,2.0,0.0,1.0,0.0,1.0,0.0,8.0,DEF
2026-09-30,La Liga,espn:361468,Gabriel Moscardo,0.0,0.0,3.0,0.0,1.0,0.0,1.0,1.0,3.0,MID
2026-09-30,La Liga,espn:362150,Lamine Yamal,5.0,4.0,4.0,9.0,1.0,0.0,4.0,1.0,5.0,FWD
2026-09-30,La Liga,espn:362752,Dani Requena,0.0,0.0,3.0,0.0,0.0,0.0,0.0,1.0,7.0,FWD
2026-09-30,La Liga,espn:365821,Isaac Romero,0.0,0.0,3.0,0.0,1.0,0.0,2.0,2.0,3.0,MID
2026-09-30,La Liga,espn:366598,Rockson Yeboah,0.0,0.0,3.0,0.0,1.0,0.0,0.0,0.0,11.0,DEF
2026-09-30,La Liga,espn:366885,Jon Martín,0.0,0.0,3.0,1.0,0.0,1.0,2.0,1.0,4.0,DEF
2026-09-30,La Liga,espn:367430,Álvaro Núñez,0.0,0.0,2.0,2.0,0.0,0.0,1.0,2.0,0.0,DEF
2026-09-30,La Liga,espn:367499,Facundo González,0.0,0.0,2.0,0.0,0.0,0.0,0.0,0.0,10.0,DEF
2026-09-30,La Liga,espn:367946,Javi Hernandez,0.0,1.0,4.0,3.0,0.0,0.0,1.0,1.0,6.0,MID
2026-09-30,La Liga,espn:368878,Pau Navarro,0.0,0.0,3.0,0.0,0.0,0.0,2.0,0.0,4.0,DEF
2026-09-30,La Liga,espn:368992,Pau Cubarsí,0.0,0.0,3.0,0.0,1.0,0.0,3.0,1.0,3.0,DEF
2026-09-30,La Liga,espn:371564,Izan Merino,0.0,0.0,3.0,0.0,0.0,0.0,0.0,1.0,4.0,MID
2026-09-30,La Liga,espn:371608,Buba Sangaré,0.0,0.0,4.0,0.0,0.0,0.0,1.0,0.0,8.0,DEF
2026-09-30,La Liga,espn:374621,Ángel Pérez,0.0,2.0,4.0,3.0,0.0,0.0,1.0,1.0,5.0,MID
2026-09-30,La Liga,espn:375390,David Mella,0.0,0.0,1.0,2.0,0.0,0.0,0.0,0.0,1.0,MID
2026-09-30,La Liga,espn:375514,Miguel Sierra,1.0,0.0,4.0,2.0,1.0,0.0,2.0,2.0,4.0,MID
2026-09-30,La Liga,espn:376166,Rafa Garrido,0.0,0.0,4.0,0.0,1.0,0.0,0.0,1.0,5.0,DEF
2026-09-30,La Liga,espn:377768,David Otorbi,0.0,0.0,4.0,1.0,0.0,0.0,1.0,1.0,9.0,MID
2026-09-30,La Liga,espn:377792,Mikel Jauregizar,0.0,0.0,3.0,2.0,0.0,0.0,1.0,2.0,1.0,MID
2026-09-30,La Liga,espn:380918,Iñigo Arguibide,0.0,0.0,4.0,0.0,0.0,0.0,0.0,0.0,12.0,DEF
2026-09-30,La Liga,espn:381628,Asier Osambela,0.0,0.0,4.0,0.0,1.0,0.0,0.0,0.0,12.0,DEF
2026-09-30,La Liga,espn:383900,Rafael Bauza,0.0,0.0,1.0,0.0,0.0,0.0,0.0,0.0,2.0,MID
2026-09-30,La Liga,espn:384414,Jonathan Asp Jensen,0.0,0.0,2.0,4.0,0.0,0.0,0.0,0.0,2.0,FWD
2026-09-30,La Liga,espn:384643,Yoel Lago,0.0,0.0,4.0,0.0,3.0,0.0,1.0,2.0,2.0,DEF
2026-09-30,La Liga,espn:388601,Jon Gorrotxategi,0.0,0.0,4.0,0.0,0.0,0.0,2.0,1.0,7.0,MID
2026-09-30,La Liga,espn:388602,Chupete,0.0,0.0,4.0,2.0,0.0,0.0,0.0,1.0,5.0,FWD
2026-09-30,La Liga,espn:388803,Beñat Gerenabarrena,0.0,0.0,2.0,0.0,1.0,0.0,1.0,1.0,1.0,MID
2026-09-30,La Liga,espn:390389,Yassir Zabiri,3.0,0.0,4.0,5.0,4.0,0.0,1.0,0.0,16.0,FWD
2026-09-30,La Liga,espn:395941,Ángel Ortiz,0.0,0.0,1.0,0.0,1.0,0.0,1.0,1.0,0.0,DEF
2026-09-30,La Liga,espn:396607,Luken Beitia,0.0,0.0,2.0,1.0,0.0,0.0,1.0,0.0,5.0,DEF
2026-09-30,La Liga,espn:397289,José Ángel López,0.0,0.0,1.0,0.0,0.0,0.0,0.0,0.0,3.0,DEF
2026-09-30,La Liga,espn:399278,Pablo García,1.0,0.0,3.0,4.0,0.0,0.0,1.0,0.0,9.0,MID
2026-09-30,La Liga,espn:401377,Roger Hinojo,0.0,0.0,4.0,0.0,1.0,0.0,1.0,1.0,6.0,DEF
2026-09-30,La Liga,espn:402479,Yan Diomande,0.0,1.0,4.0,1.0,1.0,0.0,2.0,0.0,6.0,MID
2026-09-30,La Liga,espn:403582,Xavi Espart,1.0,0.0,2.0,1.0,0.0,0.0,2.0,1.0,2.0,DEF
2026-09-30,La Liga,espn:406379,Job Ochieng,1.0,3.0,3.0,2.0,0.0,0.0,2.0,0.0,7.0,MID
2026-09-30,La Liga,espn:406832,Davinchi,0.0,0.0,3.0,0.0,1.0,0.0,1.0,1.0,2.0,DEF
2026-09-30,La Liga,espn:409383,Nacho Pérez,0.0,0.0,2.0,1.0,0.0,0.0,0.0,1.0,4.0,DEF
2026-09-30,La Liga,espn:414292,Andrés Antañón,0.0,0.0,1.0,0.0,0.0,0.0,0.0,1.0,0.0,FWD
2026-09-30,La Liga,espn:414299,Bil Nsongo,0.0,0.0,4.0,1.0,0.0,0.0,1.0,0.0,5.0,FWD
2026-09-30,La Liga,espn:415867,Unai Santos,0.0,0.0,2.0,0.0,0.0,0.0,0.0,0.0,5.0,DEF
2026-09-30,La Liga,espn:417258,Iker Luque,0.0,0.0,3.0,1.0,0.0,0.0,1.0,0.0,13.0,MID
2026-09-30,La Liga,espn:419048,Aaron Mayol,1.0,0.0,2.0,1.0,1.0,0.0,1.0,1.0,3.0,MID
2026-09-30,La Liga,espn:421310,Javier Morcillo,0.0,0.0,3.0,1.0,0.0,0.0,1.0,0.0,5.0,MID
2026-09-30,La Liga,espn:70224,Rodrigo Riquelme,0.0,0.0,4.0,1.0,0.0,0.0,3.0,2.0,2.0,MID
2026-09-30,La Liga,espn:92800,Iago Aspas,0.0,0.0,3.0,1.0,0.0,0.0,0.0,1.0,2.0,FWD
2026-09-30,La Liga,espn:96970,Cristian Romero,0.0,0.0,4.0,2.0,1.0,0.0,3.0,2.0,4.0,DEF
2026-09-30,Ligue 1,espn:112988,Michel Diaz,0.0,0.0,3.0,1.0,1.0,0.0,0.0,0.0,10.0,DEF
2026-09-30,Ligue 1,espn:122280,Kevin Trapp,0.0,0.0,3.0,0.0,0.0,0.0,2.0,1.0,3.0,GK
2026-09-30,Ligue 1,espn:123683,Benjamin André,0.0,0.0,3.0,0.0,0.0,0.0,2.0,2.0,2.0,MID
2026-09-30,Ligue 1,espn:131743,Anthony Lopes,0.0,0.0,3.0,0.0,0.0,0.0,1.0,2.0,2.0,GK
2026-09-30,Ligue 1,espn:134169,Lukas Hradecky,0.0,0.0,3.0,0.0,0.0,0.0,2.0,0.0,3.0,GK
2026-09-30,Ligue 1,espn:138563,Vincent Sasso,0.0,0.0,1.0,0.0,0.0,0.0,0.0,0.0,3.0,DEF
2026-09-30,Ligue 1,espn:155532,Eric Dier,0.0,0.0,3.0,0.0,0.0,0.0,2.0,0.0,3.0,DEF
2026-09-30,Ligue 1,espn:156898,Florian Thauvin,0.0,1.0,3.0,5.0,2.0,0.0,0.0,0.0,5.0,FWD
2026-09-30,Ligue 1,espn:158066,Thorgan Hazard,0.0,0.0,3.0,1.0,0.0,0.0,0.0,0.0,5.0,FWD
2026-09-30,Ligue 1,espn:159047,Marquinhos,2.0,0.0,3.0,3.0,0.0,0.0,2.0,1.0,3.0,DEF
2026-09-30,Ligue 1,espn:159051,Emerson,0.0,0.0,3.0,0.0,0.0,0.0,0.0,0.0,6.0,DEF
2026-09-30,Ligue 1,espn:159543,Pierre-Emile Højbjerg,0.0,0.0,3.0,4.0,0.0,0.0,0.0,0.0,6.0,MID
2026-09-30,Ligue 1,espn:164126,Brice Samba,0.0,0.0,3.0,0.0,0.0,0.0,2.0,1.0,5.0,GK
2026-09-30,Ligue 1,espn:164187,Kenny Lala,0.0,0.0,3.0,0.0,1.0,0.0,1.0,0.0,4.0,DEF
2026-09-30,Ligue 1,espn:164895,Axel Witsel,0.0,0.0,3.0,1.0,0.0,0.0,1.0,0.0,3.0,MID
2026-09-30,Ligue 1,espn:173266,Adrien Thomasson,1.0,0.0,3.0,1.0,0.0,0.0,2.0,1.0,5.0,MID
2026-09-30,Ligue 1,espn:176406,Renaud Ripart,0.0,0.0,3.0,0.0,0.0,0.0,0.0,0.0,10.0,FWD
2026-09-30,Ligue 1,espn:178760,Neal Maupay,0.0,0.0,2.0,0.0,0.0,0.0,0.0,0.0,3.0,FWD
2026-09-30,Ligue 1,espn:179187,Nabil Bentaleb,0.0,0.0,3.0,1.0,0.0,0.0,2.0,2.0,2.0,MID
2026-09-30,Ligue 1,espn:180174,Gautier Lloris,0.0,0.0,3.0,1.0,0.0,0.0,1.0,0.0,4.0,DEF
2026-09-30,Ligue 1,espn:181582,Adrien Monfray,0.0,0.0,3.0,1.0,0.0,0.0,0.0,0.0,10.0,DEF
2026-09-30,Ligue 1,espn:181946,Ruben Aguilar,0.0,1.0,3.0,0.0,0.0,0.0,0.0,0.0,5.0,MID
2026-09-30,Ligue 1,espn:190293,Gauthier Gallon,0.0,0.0,3.0,0.0,0.0,0.0,0.0,1.0,5.0,GK
2026-09-30,Ligue 1,espn:190806,Przemyslaw Frankowski,1.0,0.0,3.0,1.0,1.0,0.0,2.0,1.0,5.0,DEF
2026-09-30,Ligue 1,espn:191712,Jordan Lefort,0.0,0.0,3.0,0.0,1.0,0.0,1.0,2.0,2.0,DEF
2026-09-30,Ligue 1,espn:192015,Ludovic Ajorque,0.0,0.0,3.0,2.0,0.0,0.0,1.0,0.0,4.0,FWD
2026-09-30,Ligue 1,espn:192060,Corentin Tolisso,1.0,1.0,3.0,3.0,0.0,0.0,2.0,2.0,1.0,MID
2026-09-30,Ligue 1,espn:195501,Aleksandr Golovin,0.0,1.0,3.0,0.0,1.0,0.0,2.0,0.0,3.0,MID
2026-09-30,Ligue 1,espn:196234,Branco van den Boomen,0.0,1.0,3.0,0.0,0.0,0.0,1.0,2.0,2.0,MID
2026-09-30,Ligue 1,espn:196729,Hamari Traoré,0.0,0.0,3.0,0.0,1.0,0.0,2.0,1.0,3.0,DEF
2026-09-30,Ligue 1,espn:197187,Jonathan Gradit,0.0,0.0,2.0,0.0,0.0,0.0,0.0,0.0,4.0,DEF
2026-09-30,Ligue 1,espn:199381,Yvon Mvogo,0.0,0.0,3.0,0.0,0.0,0.0,1.0,1.0,4.0,GK
2026-09-30,Ligue 1,espn:207136,Valentin Rongier,0.0,0.0,3.0,2.0,1.0,0.0,2.0,1.0,5.0,MID
2026-09-30,Ligue 1,espn:208518,Mamadou Coulibaly,0.0,0.0,1.0,0.0,0.0,0.0,1.0,0.0,1.0,MID
2026-09-30,Ligue 1,espn:211669,Lionel Mpasi,0.0,0.0,1.0,0.0,1.0,0.0,0.0,0.0,2.0,GK
2026-09-30,Ligue 1,espn:213181,Moussa Niakhaté,0.0,0.0,3.0,0.0,1.0,0.0,2.0,2.0,1.0,DEF
2026-09-30,Ligue 1,espn:214596,Fabián Ruiz,0.0,0.0,3.0,1.0,0.0,0.0,2.0,1.0,3.0,MID
2026-09-30,Ligue 1,espn:217381,Calvin Verdonk,0.0,0.0,1.0,0.0,0.0,0.0,1.0,1.0,0.0,DEF
2026-09-30,Ligue 1,espn:218703,Carlens Arcus,1.0,0.0,3.0,1.0,0.0,0.0,1.0,2.0,2.0,DEF
2026-09-30,Ligue 1,espn:221278,Dominik Greif,0.0,0.0,3.0,0.0,0.0,0.0,2.0,2.0,1.0,GK
2026-09-30,Ligue 1,espn:221527,Pierre Lees-Melou,0.0,0.0,3.0,0.0,0.0,0.0,2.0,1.0,3.0,MID
2026-09-30,Ligue 1,espn:222180,Odsonne Édouard,0.0,0.0,3.0,0.0,0.0,0.0,0.0,0.0,5.0,FWD
2026-09-30,Ligue 1,espn:222628,Denis Zakaria,0.0,0.0,3.0,2.0,0.0,0.0,2.0,0.0,3.0,MID
2026-09-30,Ligue 1,espn:223117,Samuel Yohou,0.0,0.0,3.0,0.0,0.0,0.0,1.0,0.0,4.0,DEF
2026-09-30,Ligue 1,espn:223120,Ludovic Blas,0.0,0.0,3.0,2.0,0.0,0.0,2.0,1.0,5.0,MID
2026-09-30,Ligue 1,espn:223122,Maxime López,0.0,1.0,3.0,1.0,1.0,0.0,2.0,1.0,3.0,MID
2026-09-30,Ligue 1,espn:223376,Habib Diallo,1.0,0.0,3.0,2.0,1.0,0.0,1.0,0.0,4.0,FWD
2026-09-30,Ligue 1,espn:225557,Jean-Victor Makengo,0.0,0.0,3.0,0.0,1.0,0.0,1.0,1.0,4.0,FWD
2026-09-30,Ligue 1,espn:225565,Niklas Schmidt,0.0,0.0,2.0,0.0,0.0,0.0,0.0,0.0,3.0,MID
2026-09-30,Ligue 1,espn:228557,Amadou Haidara,0.0,0.0,3.0,1.0,0.0,0.0,0.0,0.0,5.0,MID
2026-09-30,Ligue 1,espn:228707,Jeffrey de Lange,0.0,0.0,3.0,0.0,0.0,0.0,0.0,0.0,6.0,GK
2026-09-30,Ligue 1,espn:229524,Axel Tuanzebe,0.0,0.0,2.0,1.0,0.0,0.0,2.0,1.0,1.0,DEF
2026-09-30,Ligue 1,espn:229744,Ousmane Dembélé,0.0,1.0,3.0,4.0,0.0,0.0,2.0,1.0,3.0,FWD
2026-09-30,Ligue 1,espn:231366,Mbwana Samatta,1.0,0.0,3.0,7.0,0.0,0.0,0.0,1.0,5.0,FWD
2026-09-30,Ligue 1,espn:232089,Jonathan Clauss,0.0,0.0,3.0,2.0,0.0,0.0,1.0,0.0,3.0,MID
2026-09-30,Ligue 1,espn:233199,Matthieu Udol,1.0,0.0,3.0,2.0,0.0,0.0,0.0,0.0,5.0,DEF
2026-09-30,Ligue 1,espn:233308,Nicolas Kocik,0.0,0.0,1.0,0.0,0.0,0.0,1.0,0.0,1.0,GK
2026-09-30,Ligue 1,espn:233702,Dame Guèye,0.0,0.0,3.0,1.0,0.0,0.0,1.0,0.0,4.0,FWD
2026-09-30,Ligue 1,espn:236957,Mohamed Abdelmoneim,0.0,0.0,3.0,0.0,1.0,0.0,1.0,0.0,3.0,DEF
2026-09-30,Ligue 1,espn:238213,Rasmus Nicolaisen,0.0,0.0,1.0,0.0,0.0,0.0,0.0,0.0,1.0,DEF
2026-09-30,Ligue 1,espn:238917,Amine Harit,0.0,1.0,3.0,1.0,1.0,0.0,0.0,0.0,6.0,MID
2026-09-30,Ligue 1,espn:239905,Gauthier Hein,0.0,1.0,3.0,1.0,0.0,0.0,1.0,0.0,3.0,FWD
2026-09-30,Ligue 1,espn:240233,Achraf Hakimi,0.0,0.0,2.0,1.0,0.0,0.0,1.0,1.0,2.0,DEF
2026-09-30,Ligue 1,espn:241029,Yehvann Diouf,0.0,0.0,3.0,0.0,0.0,0.0,1.0,0.0,3.0,GK
2026-09-30,Ligue 1,espn:242738,Arnaud Nordin,0.0,0.0,1.0,1.0,0.0,0.0,0.0,0.0,4.0,MID
2026-09-30,Ligue 1,espn:243514,Josh Maja,1.0,0.0,3.0,3.0,0.0,0.0,0.0,1.0,5.0,FWD
2026-09-30,Ligue 1,espn:243748,Danny Namaso,0.0,1.0,3.0,4.0,0.0,0.0,2.0,1.0,4.0,FWD
2026-09-30,Ligue 1,espn:243844,Sebastian Szymanski,0.0,1.0,2.0,0.0,0.0,0.0,2.0,1.0,1.0,MID
2026-09-30,Ligue 1,espn:245243,Nayef Aguerd,0.0,0.0,3.0,0.0,0.0,0.0,0.0,0.0,6.0,DEF
2026-09-30,Ligue 1,espn:246847,Ahmed Touba,0.0,0.0,3.0,0.0,1.0,0.0,0.0,1.0,5.0,DEF
2026-09-30,Ligue 1,espn:248699,Matvei Safonov,0.0,0.0,3.0,0.0,0.0,0.0,2.0,1.0,3.0,GK
2026-09-30,Ligue 1,espn:250377,Hugo Magnetti,0.0,0.0,3.0,1.0,0.0,0.0,1.0,0.0,4.0,MID
2026-09-30,Ligue 1,espn:250853,Romain Perraud,0.0,0.0,3.0,0.0,0.0,0.0,2.0,2.0,2.0,DEF
2026-09-30,Ligue 1,espn:255192,Youssouf Ndayishimiye,0.0,0.0,3.0,0.0,1.0,0.0,1.0,0.0,3.0,DEF
2026-09-30,Ligue 1,espn:256773,Angel Gomes,1.0,0.0,3.0,2.0,1.0,0.0,0.0,0.0,6.0,MID
2026-09-30,Ligue 1,espn:257267,Berke Özer,0.0,0.0,3.0,0.0,0.0,0.0,2.0,2.0,2.0,GK
2026-09-30,Ligue 1,espn:257489,Mousa Al-Tamari,0.0,0.0,3.0,1.0,0.0,0.0,2.0,1.0,5.0,MID
2026-09-30,Ligue 1,espn:258270,Ayumu Seko,0.0,0.0,3.0,0.0,0.0,0.0,0.0,1.0,5.0,DEF
2026-09-30,Ligue 1,espn:258871,Michaël Cuisance,0.0,0.0,3.0,1.0,1.0,0.0,0.0,0.0,5.0,MID
2026-09-30,Ligue 1,espn:259743,Amine Gouiri,2.0,1.0,3.0,3.0,0.0,0.0,0.0,0.0,6.0,FWD
2026-09-30,Ligue 1,espn:259960,Mama Baldé,0.0,1.0,2.0,1.0,0.0,0.0,1.0,0.0,3.0,MID
2026-09-30,Ligue 1,espn:265099,Montassar Talbi,0.0,0.0,3.0,1.0,0.0,0.0,1.0,1.0,4.0,DEF
2026-09-30,Ligue 1,espn:265869,Ferran Torres,2.0,0.0,3.0,3.0,0.0,0.0,2.0,1.0,3.0,FWD
2026-09-30,Ligue 1,espn:266027,Timothy Weah,0.0,0.0,3.0,2.0,1.0,1.0,0.0,0.0,6.0,DEF
2026-09-30,Ligue 1,espn:268720,Louis Mafouta,0.0,0.0,3.0,3.0,0.0,0.0,1.0,0.0,4.0,FWD
2026-09-30,Ligue 1,espn:268966,Mahdi Camara,0.0,0.0,3.0,2.0,0.0,0.0,2.0,1.0,5.0,MID
2026-09-30,Ligue 1,espn:270173,Antoine Mille,1.0,0.0,3.0,2.0,1.0,0.0,0.0,0.0,10.0,MID
2026-09-30,Ligue 1,espn:271137,Lassine Sinayoko,3.0,1.0,3.0,8.0,1.0,0.0,2.0,1.0,3.0,FWD
2026-09-30,Ligue 1,espn:271244,Cristian Cásseres Jr.,0.0,3.0,3.0,1.0,0.0,0.0,1.0,0.0,5.0,MID
2026-09-30,Ligue 1,espn:274277,Ayase Ueda,2.0,0.0,3.0,7.0,0.0,0.0,2.0,2.0,2.0,FWD
2026-09-30,Ligue 1,espn:274745,Khvicha Kvaratskhelia,0.0,1.0,3.0,5.0,0.0,0.0,2.0,1.0,3.0,FWD
2026-09-30,Ligue 1,espn:276265,Loïs Openda,0.0,1.0,3.0,4.0,1.0,0.0,2.0,2.0,1.0,FWD
2026-09-30,Ligue 1,espn:276995,Sofiane Diop,0.0,1.0,3.0,0.0,0.0,0.0,1.0,0.0,3.0,FWD
2026-09-30,Ligue 1,espn:277327,Jean-Clair Todibo,0.0,0.0,2.0,0.0,0.0,0.0,0.0,0.0,4.0,DEF
2026-09-30,Ligue 1,espn:277525,Himad Abdelli,0.0,0.0,3.0,0.0,1.0,0.0,0.0,0.0,6.0,MID
2026-09-30,Ligue 1,espn:282381,Boulaye Dia,0.0,0.0,3.0,0.0,0.0,0.0,2.0,1.0,5.0,FWD
2026-09-30,Ligue 1,espn:282676,Nathan N'Goumou,0.0,0.0,3.0,0.0,0.0,0.0,1.0,0.0,3.0,FWD
2026-09-30,Ligue 1,espn:283626,Osame Sahraoui,0.0,0.0,2.0,1.0,0.0,0.0,1.0,1.0,2.0,MID
2026-09-30,Ligue 1,espn:284333,Jim Allevinah,0.0,0.0,3.0,3.0,1.0,0.0,1.0,2.0,2.0,MID
2026-09-30,Ligue 1,espn:285088,Abner,0.0,0.0,3.0,0.0,0.0,0.0,2.0,2.0,1.0,DEF
2026-09-30,Ligue 1,espn:286433,Egil Selvik,0.0,0.0,3.0,0.0,0.0,0.0,1.0,0.0,4.0,GK
2026-09-30,Ligue 1,espn:286972,Iron Gomis,0.0,0.0,3.0,0.0,1.0,0.0,0.0,0.0,10.0,MID
2026-09-30,Ligue 1,espn:287005,Willian Pacho,0.0,0.0,3.0,0.0,0.0,0.0,2.0,1.0,3.0,DEF
2026-09-30,Ligue 1,espn:287474,Moustapha Mbow,0.0,0.0,2.0,0.0,0.0,0.0,2.0,0.0,3.0,DEF
2026-09-30,Ligue 1,espn:287514,Timothé Nkada,0.0,0.0,3.0,1.0,0.0,0.0,0.0,0.0,10.0,MID
2026-09-30,Ligue 1,espn:287572,Samir Chergui,0.0,0.0,2.0,0.0,0.0,0.0,1.0,1.0,2.0,DEF
2026-09-30,Ligue 1,espn:287606,Alexandre Lauray,0.0,0.0,3.0,1.0,1.0,0.0,1.0,0.0,4.0,DEF
2026-09-30,Ligue 1,espn:288481,Michal Skoras,0.0,0.0,3.0,0.0,1.0,0.0,0.0,0.0,5.0,MID
2026-09-30,Ligue 1,espn:288897,Vitinha,0.0,0.0,3.0,1.0,1.0,0.0,2.0,1.0,3.0,MID
2026-09-30,Ligue 1,espn:289114,Igor Paixão,0.0,0.0,3.0,1.0,1.0,0.0,0.0,0.0,6.0,MID
2026-09-30,Ligue 1,espn:289837,Yasser Larouci,0.0,0.0,2.0,1.0,0.0,0.0,1.0,0.0,2.0,MID
2026-09-30,Ligue 1,espn:290230,Giovanni Reyna,1.0,0.0,3.0,2.0,0.0,0.0,1.0,0.0,5.0,MID
2026-09-30,Ligue 1,espn:290401,Mads Bidstrup,0.0,0.0,3.0,0.0,0.0,0.0,2.0,2.0,1.0,MID
2026-09-30,Ligue 1,espn:290591,Nuno Mendes,0.0,0.0,2.0,2.0,1.0,0.0,2.0,1.0,1.0,DEF
2026-09-30,Ligue 1,espn:291614,Anthony Rouault,0.0,0.0,2.0,0.0,0.0,0.0,2.0,1.0,1.0,DEF
2026-09-30,Ligue 1,espn:291850,Joris Chotard,0.0,1.0,3.0,1.0,0.0,0.0,1.0,0.0,4.0,MID
2026-09-30,Ligue 1,espn:291982,Rassoul Ndiaye,0.0,0.0,2.0,0.0,0.0,0.0,0.0,0.0,5.0,FWD
2026-09-30,Ligue 1,espn:293347,Cameron Archer,3.0,0.0,3.0,5.0,0.0,0.0,2.0,1.0,4.0,FWD
2026-09-30,Ligue 1,espn:297121,Jacen Russell-Rowe,0.0,0.0,3.0,4.0,0.0,0.0,1.0,0.0,5.0,FWD
2026-09-30,Ligue 1,espn:297157,Dilane Bakwa,0.0,1.0,3.0,0.0,0.0,0.0,2.0,2.0,2.0,MID
2026-09-30,Ligue 1,espn:297167,Timothee Pembélé,0.0,0.0,1.0,0.0,0.0,0.0,0.0,0.0,2.0,MID
2026-09-30,Ligue 1,espn:297743,Issa Soumaré,0.0,0.0,2.0,1.0,0.0,0.0,2.0,1.0,1.0,MID
2026-09-30,Ligue 1,espn:297775,Naouirou Ahamada,0.0,0.0,3.0,1.0,0.0,0.0,2.0,1.0,4.0,MID
2026-09-30,Ligue 1,espn:298030,Niels Nkounkou,0.0,0.0,3.0,0.0,0.0,0.0,1.0,0.0,3.0,MID
2026-09-30,Ligue 1,espn:298511,Kandet Diawara,0.0,1.0,3.0,1.0,0.0,0.0,0.0,0.0,10.0,MID
2026-09-30,Ligue 1,espn:298522,Tyler Morton,0.0,0.0,3.0,0.0,1.0,0.0,2.0,2.0,1.0,MID
2026-09-30,Ligue 1,espn:299457,Ewan Hatfout,0.0,0.0,2.0,0.0,0.0,0.0,0.0,0.0,3.0,GK
2026-09-30,Ligue 1,espn:301262,Amine El Ouazzani,0.0,1.0,3.0,0.0,0.0,0.0,1.0,2.0,2.0,FWD
2026-09-30,Ligue 1,espn:30302,Djibril Sidibé,0.0,0.0,2.0,0.0,1.0,0.0,1.0,0.0,3.0,DEF
2026-09-30,Ligue 1,espn:303787,Sebastian Nanasi,0.0,0.0,3.0,2.0,0.0,0.0,1.0,0.0,5.0,MID
2026-09-30,Ligue 1,espn:304256,Filip Jørgensen,0.0,0.0,3.0,0.0,0.0,0.0,1.0,0.0,5.0,GK
2026-09-30,Ligue 1,espn:304918,Ilan Kebbal,1.0,0.0,3.0,3.0,0.0,0.0,2.0,1.0,3.0,MID
2026-09-30,Ligue 1,espn:305545,Pavel Sulc,0.0,2.0,3.0,1.0,1.0,0.0,2.0,2.0,1.0,MID
2026-09-30,Ligue 1,espn:305693,Jeremy Le Douaron,1.0,0.0,3.0,2.0,0.0,0.0,0.0,0.0,10.0,FWD
2026-09-30,Ligue 1,espn:305935,Ismael Doukoure,0.0,0.0,3.0,0.0,0.0,0.0,1.0,0.0,5.0,DEF
2026-09-30,Ligue 1,espn:306664,Casper Tengstedt,3.0,0.0,3.0,3.0,0.0,0.0,1.0,0.0,5.0,FWD
2026-09-30,Ligue 1,espn:307115,CJ Egan-Riley,0.0,0.0,3.0,0.0,0.0,0.0,0.0,0.0,6.0,DEF
2026-09-30,Ligue 1,espn:307713,Charlie Cresswell,0.0,0.0,3.0,0.0,1.0,0.0,2.0,1.0,5.0,DEF
2026-09-30,Ligue 1,espn:308246,Abdallah Sima,1.0,0.0,3.0,2.0,0.0,0.0,0.0,0.0,5.0,FWD
2026-09-30,Ligue 1,espn:310024,Raúl Torrente,0.0,0.0,2.0,0.0,0.0,0.0,0.0,0.0,3.0,DEF
2026-09-30,Ligue 1,espn:310134,Fredrik Oppegard,0.0,0.0,2.0,0.0,0.0,0.0,2.0,1.0,1.0,MID
2026-09-30,Ligue 1,espn:310640,Vanderson,0.0,0.0,3.0,0.0,0.0,0.0,2.0,0.0,3.0,DEF
2026-09-30,Ligue 1,espn:311118,Elye Wahi,1.0,0.0,3.0,3.0,1.0,0.0,1.0,0.0,3.0,FWD
2026-09-30,Ligue 1,espn:3117261,Xavier Junior Mandza Tsiendi,0.0,0.0,3.0,0.0,1.0,0.0,1.0,0.0,3.0,DEF
2026-09-30,Ligue 1,espn:3117410,Jacobo Ortega Conde,1.0,1.0,3.0,2.0,0.0,0.0,1.0,0.0,5.0,FWD
2026-09-30,Ligue 1,espn:3124795,Anis Soubeir,0.0,0.0,2.0,0.0,0.0,0.0,1.0,0.0,2.0,MID
2026-09-30,Ligue 1,espn:3132216,Djibril Ouziad,0.0,0.0,3.0,0.0,0.0,0.0,0.0,1.0,5.0,MID
2026-09-30,Ligue 1,espn:313890,Quentin Merlin,0.0,0.0,2.0,0.0,1.0,0.0,1.0,0.0,5.0,DEF
2026-09-30,Ligue 1,espn:314388,Amine Sbaï,1.0,1.0,3.0,1.0,0.0,0.0,1.0,2.0,2.0,MID
2026-09-30,Ligue 1,espn:315215,Noah Cadiou,0.0,0.0,3.0,0.0,0.0,0.0,1.0,1.0,4.0,MID
2026-09-30,Ligue 1,espn:315384,Mohamed Amoura,1.0,0.0,3.0,1.0,1.0,0.0,1.0,0.0,3.0,FWD
2026-09-30,Ligue 1,espn:315454,Noah Mbamba,1.0,0.0,2.0,1.0,0.0,0.0,1.0,1.0,2.0,MID
2026-09-30,Ligue 1,espn:315460,Jean Vercruysse,0.0,1.0,3.0,1.0,1.0,0.0,1.0,0.0,4.0,MID
2026-09-30,Ligue 1,espn:316559,Názinho,1.0,0.0,3.0,1.0,0.0,0.0,2.0,0.0,3.0,DEF
2026-09-30,Ligue 1,espn:318389,Matthis Abline,0.0,1.0,3.0,1.0,0.0,0.0,2.0,0.0,3.0,FWD
2026-09-30,Ligue 1,espn:318577,Nathan Ngoy,0.0,0.0,3.0,0.0,0.0,0.0,2.0,2.0,2.0,DEF
2026-09-30,Ligue 1,espn:318779,Hákon Haraldsson,0.0,0.0,3.0,0.0,0.0,0.0,2.0,2.0,2.0,MID
2026-09-30,Ligue 1,espn:319285,Amir Richardson,0.0,0.0,3.0,2.0,0.0,0.0,0.0,1.0,5.0,MID
2026-09-30,Ligue 1,espn:320945,Felix Bacher,1.0,0.0,3.0,2.0,1.0,0.0,2.0,2.0,1.0,DEF
2026-09-30,Ligue 1,espn:323058,Dermane Karim,0.0,0.0,3.0,1.0,0.0,0.0,0.0,0.0,10.0,MID
2026-09-30,Ligue 1,espn:323722,Kévin Danois,0.0,0.0,3.0,0.0,1.0,0.0,2.0,1.0,4.0,MID
2026-09-30,Ligue 1,espn:323850,Esteban Lepaul,0.0,0.0,3.0,5.0,0.0,0.0,2.0,1.0,5.0,FWD
2026-09-30,Ligue 1,espn:324289,Guillaume Restes,0.0,0.0,2.0,0.0,0.0,0.0,1.0,0.0,3.0,GK
2026-09-30,Ligue 1,espn:324565,Ibrahima Baldé,1.0,0.0,3.0,1.0,0.0,0.0,1.0,1.0,4.0,FWD
2026-09-30,Ligue 1,espn:324572,Bradley Locko,0.0,0.0,3.0,0.0,0.0,0.0,1.0,0.0,4.0,DEF
2026-09-30,Ligue 1,espn:325043,Kaito Mizuta,0.0,0.0,1.0,0.0,0.0,0.0,0.0,1.0,0.0,MID
2026-09-30,Ligue 1,espn:329690,Maghnes Akliouche,0.0,0.0,3.0,1.0,0.0,0.0,2.0,1.0,3.0,MID
2026-09-30,Ligue 1,espn:329755,Elias Jelert,0.0,0.0,3.0,0.0,0.0,0.0,0.0,1.0,5.0,MID
2026-09-30,Ligue 1,espn:330412,Kamory Doumbia,2.0,0.0,3.0,3.0,2.0,0.0,1.0,0.0,4.0,MID
2026-09-30,Ligue 1,espn:330722,Lucas Bretelle,0.0,1.0,2.0,0.0,0.0,0.0,1.0,0.0,3.0,DEF
2026-09-30,Ligue 1,espn:331636,Lucas Calodat,1.0,0.0,3.0,2.0,0.0,0.0,1.0,0.0,4.0,MID
2026-09-30,Ligue 1,espn:332549,Diego Coppola,0.0,0.0,3.0,0.0,1.0,0.0,2.0,1.0,3.0,DEF
2026-09-30,Ligue 1,espn:332862,Eliezer Mayenda,0.0,0.0,3.0,0.0,0.0,0.0,2.0,1.0,5.0,MID
2026-09-30,Ligue 1,espn:333228,Junior Kadile,0.0,0.0,1.0,0.0,0.0,0.0,0.0,0.0,2.0,MID
2026-09-30,Ligue 1,espn:333310,Ernest Nuamah,3.0,1.0,3.0,5.0,0.0,0.0,2.0,2.0,1.0,MID
2026-09-30,Ligue 1,espn:334281,Lucas Maronnier,0.0,0.0,3.0,0.0,0.0,0.0,0.0,0.0,10.0,DEF
2026-09-30,Ligue 1,espn:334359,Pablo Pagis,1.0,1.0,3.0,1.0,0.0,0.0,2.0,1.0,3.0,MID
2026-09-30,Ligue 1,espn:335240,Patrick Beach,0.0,0.0,3.0,0.0,0.0,0.0,0.0,0.0,10.0,GK
2026-09-30,Ligue 1,espn:335320,Lamine Sy,0.0,0.0,3.0,0.0,0.0,0.0,2.0,1.0,4.0,MID
2026-09-30,Ligue 1,espn:336388,Désiré Doué,0.0,1.0,3.0,3.0,0.0,0.0,2.0,1.0,3.0,FWD
2026-09-30,Ligue 1,espn:337855,Basar Önal,0.0,0.0,3.0,1.0,0.0,0.0,2.0,2.0,2.0,MID
2026-09-30,Ligue 1,espn:338006,Yassin Belkhdim,0.0,0.0,3.0,0.0,1.0,0.0,1.0,2.0,2.0,MID
2026-09-30,Ligue 1,espn:338873,Santiago Hidalgo,0.0,0.0,3.0,4.0,1.0,0.0,1.0,0.0,5.0,MID
2026-09-30,Ligue 1,espn:340583,Junior Mwanga,0.0,0.0,2.0,0.0,0.0,1.0,0.0,0.0,5.0,DEF
2026-09-30,Ligue 1,espn:340900,Alexsandro,0.0,0.0,3.0,0.0,0.0,0.0,2.0,2.0,2.0,DEF
2026-09-30,Ligue 1,espn:341333,Luca Koleosho,0.0,1.0,3.0,3.0,1.0,0.0,2.0,1.0,3.0,MID
2026-09-30,Ligue 1,espn:341720,Yassine Titraoui,0.0,0.0,1.0,0.0,1.0,0.0,0.0,0.0,1.0,MID
2026-09-30,Ligue 1,espn:344517,Robin Risser,0.0,0.0,3.0,0.0,0.0,0.0,0.0,0.0,5.0,GK
2026-09-30,Ligue 1,espn:344520,Clément Akpa,0.0,0.0,3.0,1.0,0.0,0.0,2.0,1.0,4.0,DEF
2026-09-30,Ligue 1,espn:345563,Nathaniel Adjei,0.0,0.0,3.0,0.0,1.0,0.0,1.0,1.0,4.0,DEF
2026-09-30,Ligue 1,espn:345581,Warren Zaïre-Emery,0.0,0.0,3.0,0.0,0.0,0.0,2.0,1.0,3.0,DEF
2026-09-30,Ligue 1,espn:345645,Edan Diop,0.0,0.0,1.0,0.0,0.0,0.0,1.0,0.0,1.0,MID
2026-09-30,Ligue 1,espn:345926,Mamadou Diop,0.0,0.0,3.0,0.0,0.0,0.0,2.0,1.0,4.0,GK
2026-09-30,Ligue 1,espn:345988,Ngal'ayel Mukau,0.0,0.0,3.0,1.0,0.0,0.0,2.0,2.0,2.0,MID
2026-09-30,Ligue 1,espn:346359,Mouhamed Diop,0.0,0.0,3.0,0.0,0.0,0.0,0.0,0.0,10.0,MID
2026-09-30,Ligue 1,espn:346519,Simon Ebonog,0.0,0.0,3.0,1.0,0.0,0.0,0.0,1.0,5.0,MID
2026-09-30,Ligue 1,espn:346844,Tiago Santos,1.0,0.0,3.0,4.0,0.0,0.0,2.0,2.0,2.0,DEF
2026-09-30,Ligue 1,espn:347940,Dembo Sylla,0.0,0.0,3.0,0.0,0.0,0.0,1.0,1.0,4.0,DEF
2026-09-30,Ligue 1,espn:349185,Remy Labeau Lascary,0.0,0.0,3.0,2.0,0.0,0.0,2.0,1.0,4.0,FWD
2026-09-30,Ligue 1,espn:350577,Pierre Ganiou,0.0,0.0,1.0,0.0,0.0,0.0,0.0,0.0,1.0,DEF
2026-09-30,Ligue 1,espn:351379,Hugo Picard,0.0,0.0,3.0,0.0,0.0,0.0,0.0,0.0,10.0,MID
2026-09-30,Ligue 1,espn:353378,Pape Diop,0.0,0.0,3.0,0.0,2.0,0.0,1.0,0.0,5.0,MID
2026-09-30,Ligue 1,espn:355061,João Neves,0.0,0.0,3.0,3.0,0.0,0.0,2.0,1.0,3.0,MID
2026-09-30,Ligue 1,espn:355870,Arthur Avom,0.0,0.0,3.0,0.0,1.0,0.0,1.0,1.0,4.0,MID
2026-09-30,Ligue 1,espn:355971,Ethan Mbappé,1.0,0.0,3.0,4.0,0.0,0.0,2.0,2.0,2.0,MID
2026-09-30,Ligue 1,espn:356925,Stanis Idumbo,1.0,0.0,2.0,1.0,0.0,0.0,1.0,0.0,2.0,MID
2026-09-30,Ligue 1,espn:357425,Djibril Coulibaly,0.0,0.0,3.0,2.0,1.0,0.0,1.0,0.0,3.0,MID
2026-09-30,Ligue 1,espn:359360,Arthur Piedfort,0.0,0.0,3.0,0.0,1.0,0.0,2.0,1.0,4.0,MID
2026-09-30,Ligue 1,espn:359402,Giovani Versini,0.0,0.0,3.0,0.0,0.0,0.0,1.0,0.0,4.0,MID
2026-09-30,Ligue 1,espn:362288,Sadibou Sané,0.0,0.0,3.0,0.0,0.0,0.0,2.0,0.0,3.0,DEF
2026-09-30,Ligue 1,espn:362476,Christ Makosso,0.0,1.0,3.0,0.0,1.0,0.0,2.0,1.0,4.0,DEF
2026-09-30,Ligue 1,espn:362777,Thomas Jørgensen,2.0,1.0,3.0,4.0,0.0,0.0,1.0,0.0,5.0,MID
2026-09-30,Ligue 1,espn:362926,Jeyland Mitchell,0.0,0.0,3.0,0.0,0.0,0.0,1.0,0.0,5.0,DEF
2026-09-30,Ligue 1,espn:363538,Niko Sigur,0.0,0.0,2.0,1.0,1.0,0.0,1.0,0.0,4.0,MID
2026-09-30,Ligue 1,espn:364746,Adama Camara,0.0,0.0,3.0,0.0,0.0,0.0,2.0,1.0,3.0,DEF
2026-09-30,Ligue 1,espn:364754,Panos Katseris,0.0,3.0,3.0,1.0,1.0,0.0,1.0,1.0,4.0,MID
2026-09-30,Ligue 1,espn:365783,Pathé Mboup,1.0,0.0,3.0,6.0,0.0,0.0,1.0,0.0,4.0,MID
2026-09-30,Ligue 1,espn:365789,Paris Brunner,2.0,0.0,3.0,5.0,0.0,0.0,2.0,0.0,3.0,FWD
2026-09-30,Ligue 1,espn:368325,Diogo Sousa,1.0,1.0,3.0,3.0,1.0,0.0,1.0,0.0,5.0,MID
2026-09-30,Ligue 1,espn:370758,Zachary Athekame,2.0,1.0,3.0,2.0,1.0,0.0,2.0,2.0,1.0,DEF
2026-09-30,Ligue 1,espn:371559,Mathys Niflore,0.0,0.0,2.0,0.0,0.0,0.0,0.0,0.0,3.0,GK
2026-09-30,Ligue 1,espn:372260,Mahamadou Nagida,0.0,0.0,3.0,0.0,0.0,0.0,2.0,1.0,5.0,DEF
2026-09-30,Ligue 1,espn:374221,Genesis Antwi,0.0,0.0,3.0,0.0,0.0,0.0,1.0,0.0,5.0,DEF
2026-09-30,Ligue 1,espn:376339,Abdelhamid Aït Boudlal,0.0,0.0,1.0,0.0,0.0,0.0,0.0,0.0,4.0,DEF
2026-09-30,Ligue 1,espn:377782,Oso,0.0,0.0,3.0,0.0,0.0,0.0,1.0,0.0,5.0,DEF
2026-09-30,Ligue 1,espn:377899,Joseph Kalulu Kyatengwa,0.0,0.0,3.0,0.0,1.0,0.0,1.0,2.0,2.0,DEF
2026-09-30,Ligue 1,espn:378491,Samir El Mourabet,0.0,0.0,2.0,0.0,0.0,0.0,0.0,0.0,3.0,MID
2026-09-30,Ligue 1,espn:379012,Gessime Yassine,0.0,1.0,3.0,2.0,1.0,0.0,1.0,0.0,5.0,MID
2026-09-30,Ligue 1,espn:379227,Anthony Bermont,0.0,0.0,2.0,0.0,0.0,0.0,1.0,1.0,2.0,MID
2026-09-30,Ligue 1,espn:381626,Arsène Kouassi,0.0,1.0,3.0,0.0,1.0,0.0,1.0,1.0,4.0,MID
2026-09-30,Ligue 1,espn:382872,Rayan Bamba,0.0,1.0,3.0,0.0,0.0,0.0,1.0,0.0,4.0,MID
2026-09-30,Ligue 1,espn:384162,Rafik Messali,0.0,0.0,3.0,0.0,0.0,0.0,1.0,0.0,5.0,DEF
2026-09-30,Ligue 1,espn:385000,Christ Tapé,0.0,0.0,3.0,1.0,1.0,0.0,1.0,0.0,5.0,DEF
2026-09-30,Ligue 1,espn:386387,Merwan Ifnaoui,0.0,0.0,1.0,0.0,0.0,0.0,0.0,0.0,6.0,MID
2026-09-30,Ligue 1,espn:387061,Andrija Bulatovic,0.0,0.0,3.0,1.0,1.0,0.0,0.0,0.0,5.0,MID
2026-09-30,Ligue 1,espn:38721,Lamine Camara,0.0,1.0,3.0,0.0,1.0,0.0,2.0,0.0,3.0,MID
2026-09-30,Ligue 1,espn:393432,Kyllian Antonio,0.0,0.0,3.0,0.0,0.0,0.0,0.0,0.0,5.0,DEF
2026-09-30,Ligue 1,espn:393721,Harold Voyer,0.0,0.0,3.0,1.0,0.0,0.0,1.0,0.0,4.0,DEF
2026-09-30,Ligue 1,espn:397392,Gabin Bernardeau,0.0,0.0,3.0,0.0,0.0,0.0,1.0,1.0,4.0,FWD
2026-09-30,Ligue 1,espn:397394,Noa Boissé,0.0,0.0,2.0,0.0,2.0,0.0,0.0,0.0,3.0,DEF
2026-09-30,Ligue 1,espn:397594,Raphaël Le Guen,0.0,0.0,3.0,0.0,0.0,0.0,1.0,0.0,4.0,DEF
2026-09-30,Ligue 1,espn:399434,Sota Nakamura,0.0,1.0,3.0,1.0,1.0,0.0,0.0,1.0,5.0,FWD
2026-09-30,Ligue 1,espn:401045,Rayan Fofana,1.0,0.0,3.0,3.0,0.0,0.0,0.0,1.0,5.0,FWD
2026-09-30,Ligue 1,espn:403232,Prosper Peter,1.0,0.0,3.0,1.0,0.0,0.0,1.0,2.0,2.0,FWD
2026-09-30,Ligue 1,espn:403310,Ilyas Azizi,0.0,0.0,3.0,1.0,0.0,0.0,1.0,0.0,5.0,MID
2026-09-30,Ligue 1,espn:404532,Elikya Legros,0.0,0.0,1.0,0.0,0.0,0.0,0.0,0.0,3.0,DEF
2026-09-30,Ligue 1,espn:408251,Alexis Vossah,0.0,0.0,3.0,0.0,0.0,0.0,1.0,0.0,5.0,MID
2026-09-30,Ligue 1,espn:408252,Seny Koumbassa,0.0,0.0,2.0,0.0,1.0,0.0,1.0,0.0,4.0,DEF
2026-09-30,Ligue 1,espn:408780,Anis Ouzenadji,0.0,1.0,3.0,0.0,0.0,0.0,0.0,0.0,10.0,DEF
2026-09-30,Ligue 1,espn:412217,Mezian Soares,0.0,0.0,2.0,1.0,0.0,0.0,0.0,0.0,4.0,FWD
2026-09-30,Ligue 1,espn:412232,Ousmane Camara,0.0,0.0,3.0,0.0,1.0,0.0,1.0,2.0,2.0,DEF
2026-09-30,Ligue 1,espn:414398,Noah Donkor,0.0,0.0,2.0,0.0,0.0,0.0,0.0,0.0,4.0,DEF
2026-09-30,Ligue 1,espn:416429,Mamadou Koné,1.0,0.0,3.0,3.0,0.0,0.0,1.0,1.0,4.0,FWD
2026-09-30,Ligue 1,espn:418536,Adil Bourabaa,3.0,1.0,3.0,3.0,1.0,0.0,1.0,0.0,4.0,MID
2026-09-30,Ligue 1,espn:421740,Bané Diatta,0.0,0.0,2.0,0.0,0.0,0.0,0.0,1.0,2.0,MID
2026-09-30,Ligue 1,espn:77072,Mark McKenzie,0.0,0.0,3.0,0.0,0.0,0.0,1.0,0.0,5.0,DEF
2026-09-30,Ligue 1,espn:88965,Olivier Giroud,0.0,0.0,3.0,0.0,1.0,0.0,2.0,2.0,2.0,FWD
2026-09-30,Premier League,espn:102368,Evanilson,0.0,1.0,3.0,2.0,0.0,0.0,0.0,0.0,5.0,FWD
2026-09-30,Premier League,espn:104943,Andy Robertson,0.0,1.0,3.0,0.0,0.0,0.0,0.0,2.0,3.0,DEF
2026-09-30,Premier League,espn:106139,Lewis Hall,1.0,1.0,3.0,2.0,0.0,0.0,1.0,0.0,7.0,DEF
2026-09-30,Premier League,espn:115271,Danny Welbeck,0.0,0.0,3.0,0.0,0.0,0.0,0.0,0.0,7.0,FWD
2026-09-30,Premier League,espn:12172,César Palacios,1.0,0.0,2.0,2.0,0.0,0.0,0.0,0.0,4.0,MID
2026-09-30,Premier League,espn:122268,Adam Smith,0.0,0.0,3.0,0.0,2.0,0.0,0.0,0.0,5.0,DEF
2026-09-30,Premier League,espn:124091,Bruno Fernandes,0.0,0.0,3.0,1.0,0.0,0.0,0.0,0.0,4.0,MID
2026-09-30,Premier League,espn:127262,Jordan Henderson,0.0,0.0,1.0,0.0,0.0,0.0,0.0,0.0,3.0,MID
2026-09-30,Premier League,espn:132659,Pascal Gross,2.0,3.0,3.0,2.0,1.0,0.0,2.0,2.0,1.0,MID
2026-09-30,Premier League,espn:146679,Daniel Muñoz,0.0,0.0,3.0,1.0,0.0,0.0,1.0,1.0,2.0,MID
2026-09-30,Premier League,espn:147106,Lewis Dunk,1.0,0.0,2.0,1.0,0.0,0.0,1.0,1.0,1.0,DEF
2026-09-30,Premier League,espn:149981,Granit Xhaka,0.0,0.0,3.0,0.0,2.0,0.0,0.0,0.0,8.0,MID
2026-09-30,Premier League,espn:152469,Ross Barkley,0.0,0.0,3.0,1.0,0.0,0.0,1.0,1.0,4.0,MID
2026-09-30,Premier League,espn:153613,Matt Crooks,0.0,0.0,2.0,0.0,2.0,0.0,0.0,0.0,4.0,MID
2026-09-30,Premier League,espn:153765,Bernd Leno,0.0,0.0,3.0,0.0,0.0,0.0,0.0,1.0,4.0,GK
2026-09-30,Premier League,espn:155226,James Tarkowski,0.0,1.0,3.0,0.0,0.0,0.0,1.0,2.0,2.0,DEF
2026-09-30,Premier League,espn:157073,Harry Maguire,0.0,0.0,3.0,0.0,2.0,0.0,0.0,0.0,4.0,DEF
2026-09-30,Premier League,espn:157892,Virgil van Dijk,0.0,0.0,3.0,0.0,0.0,0.0,2.0,3.0,0.0,DEF
2026-09-30,Premier League,espn:158626,Emiliano Martínez,0.0,0.0,3.0,0.0,0.0,0.0,0.0,0.0,7.0,GK
2026-09-30,Premier League,espn:159443,Jordan Pickford,0.0,0.0,3.0,0.0,0.0,0.0,1.0,2.0,2.0,GK
2026-09-30,Premier League,espn:162843,John McGinn,0.0,2.0,3.0,0.0,0.0,0.0,1.0,1.0,4.0,MID
2026-09-30,Premier League,espn:166473,Thomas Meunier,0.0,1.0,3.0,2.0,0.0,0.0,0.0,0.0,8.0,MID
2026-09-30,Premier League,espn:167127,Luke Shaw,0.0,1.0,2.0,0.0,1.0,0.0,0.0,0.0,3.0,DEF
2026-09-30,Premier League,espn:168424,John Egan,0.0,0.0,3.0,1.0,1.0,0.0,0.0,1.0,4.0,DEF
2026-09-30,Premier League,espn:168746,Christian Walton,0.0,0.0,1.0,0.0,0.0,0.0,0.0,0.0,1.0,GK
2026-09-30,Premier League,espn:172836,Jacob Murphy,0.0,0.0,3.0,0.0,2.0,0.0,1.0,0.0,7.0,MID
2026-09-30,Premier League,espn:172850,Jack Grealish,0.0,0.0,3.0,0.0,0.0,0.0,1.0,2.0,2.0,MID
2026-09-30,Premier League,espn:175063,Alex Iwobi,0.0,0.0,3.0,1.0,0.0,0.0,0.0,1.0,4.0,MID
2026-09-30,Premier League,espn:178051,Semi Ajayi,0.0,0.0,3.0,0.0,1.0,0.0,0.0,1.0,4.0,DEF
2026-09-30,Premier League,espn:179497,Matz Sels,0.0,0.0,3.0,0.0,0.0,0.0,1.0,1.0,2.0,GK
2026-09-30,Premier League,espn:181312,Tyrone Mings,0.0,0.0,3.0,0.0,1.0,0.0,1.0,1.0,4.0,DEF
2026-09-30,Premier League,espn:189007,Reece James,0.0,0.0,2.0,3.0,0.0,0.0,0.0,0.0,4.0,MID
2026-09-30,Premier League,espn:191337,Matt Grimes,0.0,0.0,3.0,0.0,0.0,0.0,1.0,1.0,6.0,MID
2026-09-30,Premier League,espn:192278,Diego Gómez,0.0,1.0,3.0,1.0,0.0,0.0,2.0,2.0,1.0,MID
2026-09-30,Premier League,espn:193010,Oliver McBurnie,0.0,1.0,3.0,1.0,1.0,0.0,0.0,1.0,4.0,FWD
2026-09-30,Premier League,espn:193297,Youri Tielemans,0.0,0.0,3.0,1.0,0.0,0.0,0.0,0.0,4.0,MID
2026-09-30,Premier League,espn:194115,Dominic Solanke,0.0,0.0,3.0,0.0,0.0,0.0,0.0,2.0,3.0,FWD
2026-09-30,Premier League,espn:194686,Taiwo Awoniyi,0.0,0.0,2.0,0.0,0.0,1.0,0.0,0.0,6.0,FWD
2026-09-30,Premier League,espn:195738,Walter Benítez,0.0,0.0,2.0,0.0,0.0,0.0,0.0,1.0,3.0,GK
2026-09-30,Premier League,espn:196081,Joachim Andersen,0.0,0.0,2.0,0.0,0.0,0.0,0.0,0.0,4.0,DEF
2026-09-30,Premier League,espn:196176,David Raya,0.0,0.0,3.0,0.0,0.0,0.0,2.0,1.0,4.0,GK
2026-09-30,Premier League,espn:196876,Alisson Becker,0.0,0.0,3.0,0.0,0.0,0.0,2.0,3.0,0.0,GK
2026-09-30,Premier League,espn:197163,Timothy Castagne,0.0,0.0,3.0,1.0,1.0,0.0,0.0,1.0,4.0,DEF
2026-09-30,Premier League,espn:197717,Dominic Calvert-Lewin,1.0,1.0,3.0,5.0,2.0,0.0,1.0,1.0,2.0,FWD
2026-09-30,Premier League,espn:203669,Martin Ødegaard,1.0,0.0,3.0,1.0,0.0,0.0,2.0,1.0,4.0,MID
2026-09-30,Premier League,espn:204679,Victor Lindelöf,0.0,0.0,3.0,1.0,0.0,0.0,1.0,1.0,4.0,DEF
2026-09-30,Premier League,espn:206172,Jay Da Silva,1.0,0.0,3.0,1.0,0.0,0.0,1.0,1.0,6.0,MID
2026-09-30,Premier League,espn:206173,Kristoffer Ajer,0.0,0.0,3.0,0.0,0.0,0.0,1.0,1.0,3.0,DEF
2026-09-30,Premier League,espn:206227,Ola Aina,0.0,0.0,2.0,0.0,0.0,0.0,1.0,1.0,1.0,DEF
2026-09-30,Premier League,espn:20975,Julio Enciso,0.0,0.0,3.0,3.0,1.0,0.0,1.0,0.0,5.0,MID
2026-09-30,Premier League,espn:212237,Nico Elvedi,0.0,0.0,3.0,1.0,0.0,0.0,1.0,1.0,2.0,DEF
2026-09-30,Premier League,espn:214188,Nordi Mukiele,0.0,0.0,3.0,1.0,1.0,0.0,0.0,0.0,8.0,DEF
2026-09-30,Premier League,espn:214375,Emiliano Buendía,1.0,0.0,3.0,2.0,0.0,0.0,1.0,1.0,4.0,MID
2026-09-30,Premier League,espn:214402,Ainsley Maitland-Niles,1.0,0.0,3.0,1.0,0.0,0.0,1.0,2.0,2.0,DEF
2026-09-30,Premier League,espn:215772,Rodrigo Bentancur,0.0,0.0,3.0,0.0,0.0,0.0,0.0,2.0,3.0,MID
2026-09-30,Premier League,espn:216017,Olivier Boscagli,0.0,0.0,3.0,0.0,0.0,0.0,2.0,2.0,1.0,DEF
2026-09-30,Premier League,espn:217092,Gianluigi Donnarumma,0.0,0.0,3.0,0.0,0.0,0.0,3.0,2.0,3.0,GK
2026-09-30,Premier League,espn:218522,Bruno Guimarães,1.0,0.0,2.0,1.0,0.0,0.0,1.0,1.0,3.0,MID
2026-09-30,Premier League,espn:218998,Sander Berge,0.0,0.0,3.0,1.0,0.0,0.0,0.0,1.0,4.0,MID
2026-09-30,Premier League,espn:219362,Daichi Kamada,0.0,3.0,3.0,1.0,0.0,0.0,1.0,1.0,5.0,FWD
2026-09-30,Premier League,espn:222300,Sasa Lukic,0.0,0.0,3.0,0.0,1.0,0.0,1.0,0.0,5.0,MID
2026-09-30,Premier League,espn:222396,Antonee Robinson,0.0,0.0,3.0,0.0,0.0,0.0,0.0,1.0,4.0,DEF
2026-09-30,Premier League,espn:222776,Tyler Adams,0.0,0.0,3.0,1.0,0.0,0.0,0.0,0.0,5.0,MID
2026-09-30,Premier League,espn:224077,Yoane Wissa,0.0,0.0,3.0,1.0,1.0,0.0,1.0,0.0,7.0,FWD
2026-09-30,Premier League,espn:225564,Vitaly Janelt,1.0,0.0,3.0,1.0,1.0,0.0,1.0,1.0,3.0,MID
2026-09-30,Premier League,espn:226177,Kostas Tsimikas,0.0,0.0,1.0,0.0,0.0,0.0,0.0,1.0,0.0,DEF
2026-09-30,Premier League,espn:228393,Exequiel Palacios,0.0,0.0,3.0,0.0,0.0,0.0,1.0,0.0,5.0,MID
2026-09-30,Premier League,espn:228547,Mamadou Sangare,0.0,0.0,3.0,0.0,2.0,0.0,1.0,1.0,3.0,MID
2026-09-30,Premier League,espn:230081,Reinildo Mandava,0.0,0.0,2.0,0.0,0.0,1.0,0.0,0.0,3.0,DEF
2026-09-30,Premier League,espn:230945,Marcus Rashford,0.0,0.0,3.0,2.0,0.0,0.0,0.0,0.0,4.0,MID
2026-09-30,Premier League,espn:230963,Issa Diop,0.0,0.0,3.0,0.0,0.0,0.0,1.0,0.0,5.0,DEF
2026-09-30,Premier League,espn:231182,Kai Havertz,1.0,0.0,3.0,4.0,1.0,0.0,2.0,1.0,4.0,FWD
2026-09-30,Premier League,espn:231718,Axel Disasi,0.0,0.0,2.0,0.0,0.0,1.0,1.0,0.0,5.0,DEF
2026-09-30,Premier League,espn:231826,Lewie Coyle,0.0,0.0,3.0,0.0,0.0,0.0,0.0,1.0,4.0,DEF
2026-09-30,Premier League,espn:231859,Ezri Konsa,0.0,0.0,3.0,0.0,0.0,0.0,2.0,1.0,4.0,DEF
2026-09-30,Premier League,espn:231863,James Justin,0.0,0.0,3.0,1.0,0.0,0.0,1.0,1.0,2.0,DEF
2026-09-30,Premier League,espn:233937,Lisandro Martínez,0.0,0.0,3.0,2.0,0.0,0.0,0.0,0.0,4.0,DEF
2026-09-30,Premier League,espn:234172,Dean Henderson,0.0,0.0,1.0,0.0,0.0,0.0,1.0,0.0,2.0,GK
2026-09-30,Premier League,espn:234698,Matty Cash,0.0,0.0,2.0,0.0,1.0,0.0,1.0,1.0,2.0,DEF
2026-09-30,Premier League,espn:234878,Rúben Dias,0.0,0.0,3.0,0.0,0.0,0.0,3.0,2.0,3.0,DEF
2026-09-30,Premier League,espn:235662,Alexander Isak,3.0,0.0,3.0,4.0,1.0,0.0,2.0,3.0,0.0,FWD
2026-09-30,Premier League,espn:236322,Gabriel Magalhães,0.0,0.0,3.0,2.0,1.0,0.0,2.0,1.0,4.0,DEF
2026-09-30,Premier League,espn:238004,Takehiro Tomiyasu,0.0,0.0,2.0,0.0,0.0,0.0,0.0,1.0,3.0,DEF
2026-09-30,Premier League,espn:238262,Declan Rice,0.0,2.0,3.0,0.0,1.0,0.0,2.0,1.0,4.0,MID
2026-09-30,Premier League,espn:238318,Ferdi Kadioglu,0.0,0.0,3.0,1.0,1.0,0.0,2.0,2.0,1.0,DEF
2026-09-30,Premier League,espn:238472,Elliot Anderson,0.0,0.0,3.0,0.0,0.0,0.0,3.0,2.0,3.0,MID
2026-09-30,Premier League,espn:238886,Xaver Schlager,0.0,0.0,3.0,1.0,1.0,0.0,1.0,1.0,2.0,MID
2026-09-30,Premier League,espn:238902,Diogo Dalot,0.0,0.0,3.0,0.0,1.0,0.0,0.0,0.0,4.0,DEF
2026-09-30,Premier League,espn:238990,Nikola Milenkovic,0.0,0.0,1.0,0.0,1.0,0.0,0.0,1.0,0.0,DEF
2026-09-30,Premier League,espn:240495,Brandon Thomas-Asante,0.0,0.0,3.0,3.0,0.0,0.0,1.0,1.0,6.0,FWD
2026-09-30,Premier League,espn:241077,Ben White,0.0,0.0,2.0,0.0,0.0,0.0,2.0,1.0,1.0,DEF
2026-09-30,Premier League,espn:241093,Ethan Pinnock,0.0,0.0,3.0,0.0,1.0,0.0,1.0,1.0,6.0,DEF
2026-09-30,Premier League,espn:241317,Ethan Ampadu,0.0,0.0,3.0,0.0,0.0,0.0,1.0,1.0,2.0,MID
2026-09-30,Premier League,espn:243364,Marcus Tavernier,2.0,0.0,3.0,7.0,1.0,0.0,0.0,0.0,5.0,MID
2026-09-30,Premier League,espn:243386,Harvey Barnes,1.0,2.0,3.0,4.0,0.0,0.0,1.0,0.0,7.0,MID
2026-09-30,Premier League,espn:243396,Morgan Gibbs-White,0.0,1.0,3.0,2.0,0.0,0.0,1.0,1.0,2.0,FWD
2026-09-30,Premier League,espn:243408,Jayden Bogle,2.0,0.0,3.0,4.0,2.0,0.0,1.0,1.0,2.0,MID
2026-09-30,Premier League,espn:243440,Dara O'Shea,0.0,0.0,3.0,0.0,0.0,0.0,1.0,0.0,5.0,DEF
2026-09-30,Premier League,espn:243576,Ryan Giles,0.0,1.0,3.0,0.0,1.0,0.0,0.0,1.0,4.0,DEF
2026-09-30,Premier League,espn:245916,Justin Kluivert,1.0,0.0,2.0,3.0,1.0,0.0,0.0,0.0,4.0,MID
2026-09-30,Premier League,espn:246244,Kjell Scherpen,0.0,0.0,2.0,0.0,0.0,0.0,1.0,0.0,4.0,GK
2026-09-30,Premier League,espn:246771,Pascal Struijk,0.0,0.0,3.0,0.0,1.0,0.0,2.0,2.0,1.0,DEF
2026-09-30,Premier League,espn:246954,Ephron Mason-Clark,0.0,0.0,3.0,2.0,0.0,0.0,1.0,1.0,6.0,FWD
2026-09-30,Premier League,espn:249299,Alexis Mac Allister,0.0,0.0,3.0,1.0,1.0,0.0,2.0,3.0,0.0,MID
2026-09-30,Premier League,espn:249524,Cody Gakpo,0.0,2.0,3.0,0.0,0.0,0.0,2.0,3.0,0.0,MID
2026-09-30,Premier League,espn:249851,Regan Slater,0.0,0.0,3.0,2.0,0.0,0.0,0.0,1.0,4.0,MID
2026-09-30,Premier League,espn:250166,Gabriel Gudmundsson,0.0,0.0,3.0,0.0,0.0,0.0,1.0,1.0,2.0,MID
2026-09-30,Premier League,espn:250478,Sorba Thomas,0.0,0.0,3.0,0.0,0.0,0.0,0.0,1.0,4.0,MID
2026-09-30,Premier League,espn:250543,Kevin Danso,0.0,0.0,3.0,1.0,0.0,0.0,0.0,0.0,8.0,DEF
2026-09-30,Premier League,espn:250787,Phil Foden,0.0,0.0,2.0,1.0,0.0,1.0,2.0,2.0,0.0,MID
2026-09-30,Premier League,espn:250936,Boubacar Kamara,0.0,1.0,3.0,0.0,0.0,0.0,1.0,1.0,4.0,MID
2026-09-30,Premier League,espn:250945,Aaron Wan-Bissaka,0.0,0.0,3.0,0.0,0.0,0.0,1.0,1.0,4.0,DEF
2026-09-30,Premier League,espn:251100,Pau Torres,0.0,0.0,1.0,0.0,0.0,0.0,0.0,0.0,2.0,DEF
2026-09-30,Premier League,espn:252389,Kiernan Dewsbury-Hall,0.0,0.0,3.0,3.0,1.0,0.0,1.0,2.0,2.0,MID
2026-09-30,Premier League,espn:252747,Jørgen Strand Larsen,1.0,0.0,3.0,3.0,0.0,0.0,1.0,1.0,5.0,FWD
2026-09-30,Premier League,espn:253173,Ao Tanaka,0.0,1.0,3.0,0.0,1.0,0.0,1.0,1.0,2.0,MID
2026-09-30,Premier League,espn:253989,Erling Haaland,3.0,0.0,3.0,5.0,0.0,0.0,3.0,2.0,3.0,FWD
2026-09-30,Premier League,espn:256115,Pedro Neto,0.0,0.0,3.0,2.0,0.0,0.0,0.0,0.0,7.0,MID
2026-09-30,Premier League,espn:257206,Dominik Szoboszlai,0.0,0.0,3.0,4.0,1.0,0.0,2.0,3.0,0.0,MID
2026-09-30,Premier League,espn:258491,Frank Onyeka,0.0,0.0,3.0,1.0,0.0,0.0,1.0,1.0,6.0,MID
2026-09-30,Premier League,espn:259486,Eddie Nketiah,0.0,1.0,2.0,1.0,0.0,0.0,1.0,1.0,2.0,FWD
2026-09-30,Premier League,espn:259517,Joe Willock,1.0,0.0,3.0,2.0,0.0,0.0,1.0,0.0,7.0,MID
2026-09-30,Premier League,espn:259902,Matheus Cunha,1.0,0.0,3.0,2.0,0.0,0.0,0.0,0.0,4.0,FWD
2026-09-30,Premier League,espn:261047,Sandro Tonali,0.0,0.0,3.0,0.0,0.0,0.0,0.0,2.0,3.0,MID
2026-09-30,Premier League,espn:262594,Vitaliy Mykolenko,0.0,0.0,3.0,0.0,1.0,0.0,1.0,2.0,2.0,DEF
2026-09-30,Premier League,espn:263110,Calvin Bassey,0.0,0.0,3.0,2.0,0.0,0.0,0.0,1.0,4.0,DEF
2026-09-30,Premier League,espn:265653,Morgan Rogers,2.0,0.0,3.0,4.0,1.0,0.0,0.0,0.0,7.0,FWD
2026-09-30,Premier League,espn:265907,Marc Guéhi,0.0,1.0,3.0,0.0,0.0,0.0,3.0,2.0,3.0,DEF
2026-09-30,Premier League,espn:265918,Maxence Lacroix,0.0,0.0,3.0,0.0,1.0,0.0,0.0,0.0,7.0,DEF
2026-09-30,Premier League,espn:265958,Zion Suzuki,0.0,0.0,3.0,0.0,0.0,0.0,1.0,1.0,4.0,GK
2026-09-30,Premier League,espn:266696,Conor Gallagher,1.0,0.0,2.0,1.0,0.0,0.0,0.0,1.0,3.0,MID
2026-09-30,Premier League,espn:268533,Pedro Porro,0.0,0.0,2.0,0.0,0.0,0.0,0.0,1.0,3.0,DEF
2026-09-30,Premier League,espn:268641,Iliman Ndiaye,0.0,0.0,3.0,0.0,0.0,0.0,3.0,2.0,3.0,MID
2026-09-30,Premier League,espn:269343,Jack Clarke,0.0,0.0,3.0,1.0,1.0,0.0,1.0,0.0,5.0,MID
2026-09-30,Premier League,espn:270190,Wesley Fofana,0.0,0.0,3.0,0.0,0.0,0.0,0.0,0.0,7.0,DEF
2026-09-30,Premier League,espn:270641,Noah Okafor,1.0,0.0,3.0,1.0,0.0,0.0,1.0,1.0,2.0,FWD
2026-09-30,Premier League,espn:270821,Ronald Araújo,0.0,0.0,3.0,0.0,0.0,0.0,2.0,3.0,0.0,DEF
2026-09-30,Premier League,espn:271170,Bryan Mbeumo,1.0,0.0,3.0,3.0,0.0,0.0,0.0,0.0,4.0,MID
2026-09-30,Premier League,espn:272585,Chris Richards,0.0,0.0,3.0,1.0,1.0,0.0,1.0,1.0,5.0,DEF
2026-09-30,Premier League,espn:273292,Antoine Semenyo,2.0,2.0,3.0,2.0,0.0,0.0,3.0,2.0,3.0,MID
2026-09-30,Premier League,espn:274632,Ryan Gravenberch,0.0,0.0,3.0,0.0,0.0,0.0,2.0,3.0,0.0,MID
2026-09-30,Premier League,espn:274633,Sven Botman,0.0,0.0,3.0,1.0,0.0,0.0,1.0,0.0,7.0,DEF
2026-09-30,Premier League,espn:275599,Caoimhín Kelleher,0.0,0.0,3.0,0.0,0.0,0.0,1.0,1.0,3.0,GK
2026-09-30,Premier League,espn:275842,Dan Ndoye,0.0,0.0,3.0,1.0,1.0,0.0,1.0,1.0,2.0,FWD
2026-09-30,Premier League,espn:276220,James Garner,0.0,0.0,3.0,1.0,1.0,0.0,1.0,2.0,2.0,MID
2026-09-30,Premier League,espn:279155,James Hill,0.0,0.0,3.0,0.0,1.0,0.0,0.0,0.0,5.0,DEF
2026-09-30,Premier League,espn:279780,Nathan Collins,0.0,0.0,1.0,0.0,0.0,0.0,0.0,0.0,1.0,DEF
2026-09-30,Premier League,espn:280555,Bukayo Saka,1.0,0.0,3.0,7.0,0.0,0.0,2.0,1.0,4.0,MID
2026-09-30,Premier League,espn:281125,Ian Maatsen,0.0,0.0,2.0,1.0,0.0,0.0,0.0,1.0,2.0,DEF
2026-09-30,Premier League,espn:281139,Milan van Ewijk,0.0,0.0,2.0,0.0,1.0,0.0,0.0,0.0,6.0,MID
2026-09-30,Premier League,espn:282229,Brian Brobbey,3.0,0.0,3.0,4.0,1.0,0.0,0.0,0.0,8.0,FWD
2026-09-30,Premier League,espn:282230,Quinten Timber,0.0,0.0,3.0,1.0,0.0,0.0,1.0,1.0,5.0,MID
2026-09-30,Premier League,espn:282583,Jan Paul van Hecke,1.0,0.0,3.0,1.0,1.0,0.0,0.0,2.0,3.0,DEF
2026-09-30,Premier League,espn:282645,Danny Ballard,0.0,0.0,3.0,0.0,1.0,0.0,0.0,0.0,8.0,DEF
2026-09-30,Premier League,espn:282716,Jurriën Timber,0.0,0.0,2.0,0.0,0.0,0.0,1.0,1.0,3.0,DEF
2026-09-30,Premier League,espn:283086,Leif Davis,1.0,1.0,3.0,1.0,0.0,0.0,1.0,0.0,5.0,DEF
2026-09-30,Premier League,espn:283940,Aaron Hickey,0.0,0.0,3.0,0.0,0.0,0.0,1.0,1.0,3.0,DEF
2026-09-30,Premier League,espn:284199,Konstantinos Tzolakis,0.0,0.0,3.0,0.0,1.0,0.0,0.0,1.0,4.0,GK
2026-09-30,Premier League,espn:284490,Keane Lewis-Potter,0.0,0.0,3.0,1.0,0.0,0.0,1.0,1.0,3.0,DEF
2026-09-30,Premier League,espn:284960,João Pedro,1.0,1.0,2.0,1.0,1.0,0.0,0.0,0.0,4.0,FWD
2026-09-30,Premier League,espn:285450,Enzo Fernández,1.0,0.0,3.0,2.0,1.0,0.0,3.0,2.0,3.0,MID
2026-09-30,Premier League,espn:286347,Daizen Maeda,0.0,0.0,3.0,1.0,0.0,0.0,1.0,0.0,5.0,MID
2026-09-30,Premier League,espn:286965,Jarrad Branthwaite,0.0,0.0,3.0,2.0,0.0,0.0,1.0,2.0,2.0,DEF
2026-09-30,Premier League,espn:286967,Jack Rudoni,0.0,0.0,3.0,2.0,0.0,0.0,1.0,1.0,6.0,FWD
2026-09-30,Premier League,espn:288340,Enzo Le Fée,1.0,1.0,3.0,2.0,0.0,0.0,0.0,0.0,8.0,MID
2026-09-30,Premier League,espn:289824,Djordje Petrovic,0.0,0.0,3.0,0.0,0.0,0.0,0.0,0.0,5.0,GK
2026-09-30,Premier League,espn:290076,Destiny Udogie,0.0,0.0,1.0,0.0,1.0,0.0,0.0,1.0,0.0,DEF
2026-09-30,Premier League,espn:291174,Jacob Greaves,0.0,0.0,2.0,0.0,0.0,0.0,1.0,0.0,4.0,DEF
2026-09-30,Premier League,espn:291307,Brennan Johnson,0.0,0.0,3.0,0.0,1.0,0.0,1.0,2.0,2.0,MID
2026-09-30,Premier League,espn:291609,Bart Verbruggen,0.0,0.0,3.0,0.0,0.0,0.0,2.0,2.0,1.0,GK
2026-09-30,Premier League,espn:291638,Neco Williams,0.0,0.0,3.0,1.0,0.0,0.0,1.0,1.0,2.0,MID
2026-09-30,Premier League,espn:296395,Cole Palmer,0.0,1.0,3.0,2.0,1.0,0.0,0.0,0.0,7.0,FWD
2026-09-30,Premier League,espn:296410,Levi Colwill,0.0,0.0,2.0,0.0,0.0,0.0,0.0,0.0,5.0,DEF
2026-09-30,Premier League,espn:296512,Micky van de Ven,0.0,0.0,3.0,0.0,0.0,0.0,0.0,2.0,3.0,DEF
2026-09-30,Premier League,espn:296622,Anthony Elanga,0.0,0.0,1.0,0.0,1.0,0.0,0.0,0.0,2.0,MID
2026-09-30,Premier League,espn:297229,Matteo Ruggeri,0.0,0.0,2.0,0.0,0.0,0.0,1.0,1.0,2.0,DEF
2026-09-30,Premier League,espn:297370,Yéremy Pino,0.0,0.0,3.0,1.0,1.0,0.0,1.0,1.0,5.0,FWD
2026-09-30,Premier League,espn:298008,Rayan Cherki,1.0,0.0,3.0,1.0,0.0,0.0,3.0,2.0,3.0,MID
2026-09-30,Premier League,espn:298329,Riccardo Calafiori,0.0,0.0,3.0,1.0,0.0,0.0,2.0,1.0,4.0,DEF
2026-09-30,Premier League,espn:298518,James McAtee,0.0,0.0,3.0,3.0,2.0,0.0,1.0,1.0,2.0,MID
2026-09-30,Premier League,espn:299910,Josko Gvardiol,0.0,1.0,3.0,0.0,1.0,0.0,3.0,2.0,3.0,DEF
2026-09-30,Premier League,espn:300331,Pep Chavarría,0.0,0.0,3.0,0.0,0.0,0.0,0.0,0.0,7.0,MID
2026-09-30,Premier League,espn:300853,Tyrick Mitchell,2.0,0.0,3.0,2.0,0.0,0.0,1.0,1.0,5.0,MID
2026-09-30,Premier League,espn:301166,Thierno Barry,1.0,0.0,3.0,2.0,0.0,0.0,1.0,2.0,2.0,FWD
2026-09-30,Premier League,espn:301327,Maxim De Cuyper,0.0,2.0,3.0,0.0,2.0,0.0,2.0,2.0,1.0,MID
2026-09-30,Premier League,espn:301425,Senne Lammens,0.0,0.0,3.0,0.0,0.0,0.0,0.0,0.0,4.0,GK
2026-09-30,Premier League,espn:301449,Robin Roefs,0.0,0.0,3.0,0.0,0.0,0.0,0.0,0.0,8.0,GK
2026-09-30,Premier League,espn:301524,João Gomes,0.0,0.0,1.0,0.0,0.0,0.0,1.0,0.0,2.0,MID
2026-09-30,Premier League,espn:301894,Igor Thiago,1.0,0.0,3.0,2.0,2.0,0.0,1.0,1.0,3.0,FWD
2026-09-30,Premier League,espn:303338,Lucas Gourna-Douath,0.0,0.0,2.0,0.0,1.0,0.0,0.0,1.0,2.0,MID
2026-09-30,Premier League,espn:303444,Malick Thiaw,0.0,0.0,3.0,0.0,0.0,0.0,1.0,0.0,7.0,DEF
2026-09-30,Premier League,espn:303745,Omar Marmoush,0.0,0.0,3.0,0.0,0.0,0.0,0.0,2.0,3.0,MID
2026-09-30,Premier League,espn:303748,Florian Wirtz,0.0,0.0,3.0,1.0,0.0,0.0,2.0,3.0,0.0,MID
2026-09-30,Premier League,espn:303785,Matheus Nunes,0.0,0.0,2.0,0.0,0.0,0.0,2.0,1.0,3.0,DEF
2026-09-30,Premier League,espn:303793,Christos Tzolis,0.0,1.0,3.0,0.0,1.0,0.0,2.0,1.0,4.0,MID
2026-09-30,Premier League,espn:303931,Bobby Thomas,0.0,0.0,3.0,0.0,0.0,0.0,1.0,1.0,6.0,DEF
2026-09-30,Premier League,espn:304242,Yasin Ayari,1.0,0.0,3.0,3.0,0.0,0.0,2.0,2.0,1.0,MID
2026-09-30,Premier League,espn:304470,Sávio,0.0,0.0,3.0,3.0,0.0,0.0,0.0,2.0,3.0,MID
2026-09-30,Premier League,espn:304802,Anton Stach,0.0,0.0,3.0,1.0,0.0,0.0,1.0,1.0,2.0,MID
2026-09-30,Premier League,espn:305684,Adrien Truffert,0.0,0.0,3.0,2.0,1.0,0.0,0.0,0.0,5.0,DEF
2026-09-30,Premier League,espn:307069,Carl Rushworth,0.0,1.0,3.0,0.0,0.0,0.0,1.0,1.0,6.0,GK
2026-09-30,Premier League,espn:307111,Oscar Bobb,0.0,0.0,3.0,1.0,0.0,0.0,0.0,1.0,4.0,MID
2026-09-30,Premier League,espn:307114,Liam Delap,1.0,0.0,3.0,1.0,2.0,0.0,1.0,1.0,2.0,FWD
2026-09-30,Premier League,espn:307118,James Trafford,0.0,0.0,3.0,0.0,0.0,0.0,1.0,1.0,2.0,GK
2026-09-30,Premier League,espn:307657,Jaidon Anthony,1.0,0.0,3.0,1.0,0.0,0.0,1.0,1.0,3.0,MID
2026-09-30,Premier League,espn:308217,Romeo Lavia,0.0,0.0,2.0,0.0,0.0,0.0,0.0,0.0,4.0,MID
2026-09-30,Premier League,espn:308524,Nicolas Jackson,1.0,0.0,3.0,2.0,2.0,0.0,1.0,1.0,4.0,FWD
2026-09-30,Premier League,espn:308932,Mikkel Damsgaard,0.0,0.0,3.0,0.0,0.0,0.0,1.0,1.0,3.0,MID
2026-09-30,Premier League,espn:308947,Malo Gusto,0.0,0.0,2.0,0.0,0.0,0.0,0.0,0.0,4.0,DEF
2026-09-30,Premier League,espn:308979,Amar Dedic,0.0,0.0,2.0,0.0,0.0,0.0,0.0,0.0,6.0,DEF
2026-09-30,Premier League,espn:310958,Kevin Schade,2.0,0.0,3.0,3.0,0.0,0.0,1.0,1.0,3.0,MID
2026-09-30,Premier League,espn:311963,Merlin Röhl,0.0,0.0,1.0,0.0,1.0,0.0,0.0,0.0,2.0,DEF
2026-09-30,Premier League,espn:313230,David Affengruber,0.0,0.0,2.0,0.0,0.0,0.0,0.0,1.0,1.0,DEF
2026-09-30,Premier League,espn:314790,Alex Scott,0.0,0.0,3.0,0.0,0.0,0.0,0.0,0.0,5.0,MID
2026-09-30,Premier League,espn:315530,Dango Ouattara,0.0,0.0,3.0,0.0,0.0,0.0,1.0,1.0,3.0,MID
2026-09-30,Premier League,espn:318090,Nilson Angulo,0.0,1.0,3.0,1.0,0.0,0.0,0.0,0.0,8.0,MID
2026-09-30,Premier League,espn:318390,Tarik Muharemovic,0.0,1.0,3.0,0.0,0.0,0.0,1.0,1.0,2.0,DEF
2026-09-30,Premier League,espn:318680,Fatawu Issahaku,0.0,0.0,3.0,1.0,1.0,1.0,1.0,0.0,5.0,MID
2026-09-30,Premier League,espn:319267,Lukás Hornícek,0.0,0.0,3.0,0.0,0.0,0.0,1.0,0.0,7.0,GK
2026-09-30,Premier League,espn:319404,Aurèle Amenda,0.0,0.0,2.0,0.0,0.0,0.0,0.0,0.0,6.0,DEF
2026-09-30,Premier League,espn:320417,Mohamed Belloumi,2.0,1.0,3.0,5.0,1.0,0.0,0.0,1.0,4.0,MID
2026-09-30,Premier League,espn:320760,Valentín Barco,0.0,0.0,2.0,0.0,1.0,0.0,0.0,0.0,5.0,MID
2026-09-30,Premier League,espn:322654,Emersonn,1.0,1.0,3.0,2.0,0.0,0.0,1.0,0.0,5.0,FWD
2026-09-30,Premier League,espn:323110,Milos Kerkez,0.0,0.0,3.0,0.0,1.0,0.0,2.0,3.0,0.0,DEF
2026-09-30,Premier League,espn:323986,Nico González,0.0,0.0,2.0,0.0,0.0,0.0,0.0,0.0,6.0,MID
2026-09-30,Premier League,espn:324164,Shea Charles,0.0,0.0,3.0,0.0,0.0,0.0,0.0,1.0,4.0,MID
2026-09-30,Premier League,espn:324393,Antonín Kinsky,0.0,0.0,3.0,0.0,0.0,0.0,0.0,2.0,3.0,GK
2026-09-30,Premier League,espn:325042,Mathys Tel,0.0,0.0,2.0,0.0,0.0,0.0,0.0,2.0,0.0,MID
2026-09-30,Premier League,espn:328050,Archie Gray,0.0,0.0,2.0,1.0,0.0,0.0,0.0,1.0,3.0,DEF
2026-09-30,Premier League,espn:328238,Bradley Barcola,0.0,0.0,3.0,1.0,0.0,0.0,2.0,3.0,0.0,MID
2026-09-30,Premier League,espn:328466,Kobbie Mainoo,0.0,1.0,3.0,0.0,0.0,0.0,0.0,0.0,4.0,MID
2026-09-30,Premier League,espn:332648,Anan Khalaili,1.0,0.0,3.0,1.0,0.0,0.0,1.0,1.0,5.0,MID
2026-09-30,Premier League,espn:333419,Adam Wharton,0.0,0.0,3.0,1.0,1.0,0.0,1.0,1.0,5.0,MID
2026-09-30,Premier League,espn:336794,Abdoul Ouattara,0.0,0.0,3.0,1.0,0.0,0.0,1.0,0.0,5.0,DEF
2026-09-30,Premier League,espn:338876,Jair Paula,0.0,0.0,2.0,0.0,1.0,0.0,0.0,1.0,1.0,DEF
2026-09-30,Premier League,espn:338894,Murillo,0.0,1.0,3.0,0.0,1.0,0.0,1.0,1.0,2.0,DEF
2026-09-30,Premier League,espn:340240,Noah Sadiki,0.0,0.0,3.0,2.0,1.0,0.0,0.0,0.0,8.0,MID
2026-09-30,Premier League,espn:342029,Yehor Yarmoliuk,0.0,1.0,3.0,1.0,1.0,0.0,1.0,1.0,3.0,MID
2026-09-30,Premier League,espn:343964,Ousmane Diomande,0.0,0.0,3.0,0.0,0.0,0.0,1.0,1.0,2.0,DEF
2026-09-30,Premier League,espn:346588,António Silva,0.0,0.0,3.0,1.0,1.0,0.0,0.0,0.0,5.0,DEF
2026-09-30,Premier League,espn:346820,Mateus Fernandes,0.0,0.0,3.0,1.0,1.0,0.0,0.0,2.0,3.0,MID
2026-09-30,Premier League,espn:349078,Lewis Miley,0.0,0.0,3.0,0.0,0.0,0.0,1.0,0.0,7.0,DEF
2026-09-30,Premier League,espn:352758,Myles Lewis-Skelly,0.0,0.0,2.0,0.0,0.0,0.0,2.0,1.0,1.0,MID
2026-09-30,Premier League,espn:353951,Jorrel Hato,0.0,1.0,2.0,0.0,0.0,0.0,0.0,0.0,4.0,DEF
2026-09-30,Premier League,espn:355980,Jérémy Jacquet,0.0,0.0,3.0,0.0,1.0,0.0,2.0,3.0,0.0,DEF
2026-09-30,Premier League,espn:356212,Nobel Mendy,0.0,0.0,2.0,1.0,0.0,0.0,0.0,1.0,2.0,DEF
2026-09-30,Premier League,espn:356640,Michael Kayode,0.0,0.0,3.0,0.0,0.0,0.0,1.0,1.0,3.0,DEF
2026-09-30,Premier League,espn:357145,Elliot Stroud,0.0,0.0,2.0,0.0,0.0,0.0,0.0,1.0,2.0,MID
2026-09-30,Premier League,espn:357719,Rayan,0.0,0.0,3.0,1.0,0.0,0.0,0.0,0.0,5.0,MID
2026-09-30,Premier League,espn:359097,Malick Yalcouyé,1.0,0.0,3.0,2.0,0.0,0.0,2.0,2.0,1.0,MID
2026-09-30,Premier League,espn:359651,Matias Fernandez-Pardo,0.0,0.0,3.0,0.0,0.0,0.0,1.0,0.0,7.0,MID
2026-09-30,Premier League,espn:362211,Abdukodir Khusanov,0.0,0.0,1.0,0.0,1.0,0.0,1.0,1.0,0.0,DEF
2026-09-30,Premier League,espn:364962,Luka Vuskovic,1.0,0.0,3.0,1.0,0.0,0.0,2.0,2.0,1.0,DEF
2026-09-30,Premier League,espn:366248,George Hemmings,0.0,0.0,3.0,1.0,0.0,0.0,1.0,1.0,4.0,MID
2026-09-30,Premier League,espn:366781,Patrick Dorgu,0.0,1.0,3.0,0.0,0.0,0.0,0.0,0.0,4.0,DEF
2026-09-30,Premier League,espn:368317,Josh Acheampong,0.0,0.0,2.0,0.0,0.0,0.0,0.0,0.0,5.0,DEF
2026-09-30,Premier League,espn:368864,Tyrique George,1.0,0.0,3.0,1.0,0.0,0.0,1.0,2.0,2.0,MID
2026-09-30,Premier League,espn:374220,Stephen Mfuni,0.0,0.0,1.0,0.0,0.0,0.0,1.0,1.0,0.0,DEF
2026-09-30,Premier League,espn:376683,Jannik Schuster,0.0,1.0,3.0,0.0,0.0,0.0,1.0,1.0,3.0,DEF
2026-09-30,Premier League,espn:378458,Harrison Armstrong,0.0,0.0,3.0,0.0,2.0,0.0,1.0,2.0,2.0,MID
2026-09-30,Premier League,espn:384372,Sean Steur,0.0,0.0,3.0,0.0,0.0,0.0,1.0,0.0,7.0,MID
2026-09-30,Premier League,espn:386252,Jaydee Canvot,0.0,0.0,2.0,0.0,0.0,0.0,1.0,1.0,2.0,DEF
2026-09-30,Premier League,espn:386992,Johan Manzambi,1.0,1.0,2.0,2.0,0.0,0.0,1.0,0.0,4.0,MID
2026-09-30,Premier League,espn:387489,Chema Andrés,1.0,1.0,2.0,1.0,0.0,0.0,2.0,2.0,0.0,MID
2026-09-30,Premier League,espn:387655,Charalambos Kostoulas,2.0,1.0,3.0,4.0,1.0,0.0,2.0,2.0,1.0,FWD
2026-09-30,Premier League,espn:387659,Caleb Yirenkyi,0.0,0.0,3.0,0.0,0.0,0.0,1.0,1.0,6.0,MID
2026-09-30,Premier League,espn:388070,Dayann Methalie,0.0,0.0,1.0,0.0,1.0,0.0,0.0,0.0,5.0,DEF
2026-09-30,Premier League,espn:388605,Honest Ahanor,0.0,0.0,1.0,0.0,0.0,0.0,0.0,0.0,3.0,DEF
2026-09-30,Premier League,espn:392320,Lucas Herrington,0.0,0.0,3.0,0.0,0.0,0.0,0.0,1.0,4.0,DEF
2026-09-30,Premier League,espn:397545,Víctor Muñoz,0.0,0.0,3.0,1.0,0.0,0.0,2.0,3.0,0.0,MID
2026-09-30,Premier League,espn:409541,Josh King,1.0,0.0,3.0,5.0,1.0,0.0,0.0,1.0,4.0,MID
2026-09-30,Premier League,espn:87297,Gonzalo García,0.0,0.0,3.0,1.0,0.0,0.0,0.0,1.0,4.0,FWD
2026-09-30,Premier League,espn:93435,Ryan Christie,0.0,0.0,3.0,0.0,0.0,0.0,0.0,0.0,5.0,MID
2026-09-30,Serie A,espn:108482,David de Gea,0.0,0.0,3.0,0.0,1.0,0.0,1.0,0.0,5.0,GK
2026-09-30,Serie A,espn:108662,Robert Sánchez,0.0,0.0,1.0,0.0,0.0,0.0,1.0,0.0,1.0,GK
2026-09-30,Serie A,espn:118279,Jon Rowe,0.0,0.0,2.0,1.0,0.0,0.0,0.0,0.0,4.0,FWD
2026-09-30,Serie A,espn:134947,Kevin De Bruyne,0.0,0.0,3.0,0.0,0.0,0.0,1.0,1.0,4.0,MID
2026-09-30,Serie A,espn:135743,Nemanja Matic,0.0,1.0,3.0,0.0,0.0,0.0,1.0,0.0,6.0,MID
2026-09-30,Serie A,espn:139008,Joao Victor,0.0,0.0,1.0,0.0,0.0,0.0,0.0,0.0,2.0,DEF
2026-09-30,Serie A,espn:147625,Henrikh Mkhitaryan,0.0,0.0,1.0,1.0,1.0,0.0,1.0,0.0,3.0,MID
2026-09-30,Serie A,espn:148974,Leonardo Spinazzola,0.0,0.0,2.0,0.0,0.0,0.0,1.0,1.0,3.0,DEF
2026-09-30,Serie A,espn:150081,Christian Kabasele,0.0,0.0,3.0,1.0,0.0,0.0,0.0,0.0,8.0,DEF
2026-09-30,Serie A,espn:155904,Giovanni Di Lorenzo,0.0,1.0,3.0,0.0,0.0,0.0,1.0,1.0,4.0,DEF
2026-09-30,Serie A,espn:157974,John Stones,0.0,0.0,1.0,0.0,0.0,0.0,1.0,0.0,3.0,DEF
2026-09-30,Serie A,espn:164826,Nahuel Molina,0.0,1.0,3.0,1.0,0.0,0.0,2.0,1.0,3.0,MID
2026-09-30,Serie A,espn:164839,Paulo Dybala,0.0,1.0,3.0,2.0,0.0,0.0,2.0,1.0,3.0,FWD
2026-09-30,Serie A,espn:169213,Bryan Cristante,0.0,0.0,3.0,1.0,0.0,0.0,2.0,1.0,3.0,MID
2026-09-30,Serie A,espn:170553,Sead Kolasinac,0.0,0.0,2.0,0.0,0.0,0.0,0.0,0.0,4.0,DEF
2026-09-30,Serie A,espn:170663,Juan Jesus,0.0,0.0,2.0,0.0,1.0,0.0,0.0,0.0,6.0,DEF
2026-09-30,Serie A,espn:173817,Domenico Berardi,0.0,0.0,3.0,6.0,0.0,0.0,1.0,0.0,6.0,FWD
2026-09-30,Serie A,espn:175887,Marc-Oliver Kempf,0.0,0.0,1.0,0.0,0.0,0.0,1.0,0.0,1.0,DEF
2026-09-30,Serie A,espn:176203,Adrien Rabiot,1.0,1.0,3.0,1.0,0.0,0.0,1.0,1.0,3.0,MID
2026-09-30,Serie A,espn:177782,Piotr Zielinski,0.0,1.0,3.0,1.0,0.0,0.0,2.0,0.0,7.0,DEF
2026-09-30,Serie A,espn:177812,Wladimiro Falcone,0.0,0.0,3.0,0.0,1.0,0.0,1.0,0.0,6.0,GK
2026-09-30,Serie A,espn:177862,Stefano Sabelli,0.0,0.0,1.0,0.0,0.0,0.0,0.0,0.0,4.0,MID
2026-09-30,Serie A,espn:179358,Lukasz Skorupski,0.0,0.0,2.0,0.0,0.0,0.0,0.0,0.0,3.0,GK
2026-09-30,Serie A,espn:180956,Federico Bernardeschi,1.0,0.0,3.0,3.0,0.0,0.0,0.0,0.0,4.0,FWD
2026-09-30,Serie A,espn:181192,Ridgeciano Haps,0.0,1.0,2.0,0.0,0.0,0.0,0.0,0.0,7.0,DEF
2026-09-30,Serie A,espn:186437,Alessandro Deiola,0.0,0.0,3.0,0.0,1.0,0.0,3.0,2.0,1.0,MID
2026-09-30,Serie A,espn:186457,Matías Moreno,0.0,0.0,3.0,0.0,2.0,0.0,0.0,0.0,9.0,DEF
2026-09-30,Serie A,espn:186505,Ruben Loftus-Cheek,0.0,0.0,3.0,0.0,0.0,0.0,1.0,1.0,3.0,FWD
2026-09-30,Serie A,espn:188306,Matteo Politano,1.0,1.0,3.0,2.0,0.0,0.0,1.0,1.0,4.0,MID
2026-09-30,Serie A,espn:188412,Stanislav Lobotka,1.0,0.0,3.0,2.0,0.0,0.0,1.0,1.0,4.0,MID
2026-09-30,Serie A,espn:189026,Mike Maignan,0.0,0.0,3.0,0.0,0.0,0.0,1.0,1.0,3.0,GK
2026-09-30,Serie A,espn:189974,Giovanni Simeone,0.0,0.0,3.0,1.0,0.0,0.0,1.0,0.0,4.0,FWD
2026-09-30,Serie A,espn:190257,Curtis Jones,0.0,0.0,3.0,0.0,0.0,0.0,2.0,0.0,7.0,MID
2026-09-30,Serie A,espn:192146,Álex Valle,0.0,1.0,2.0,1.0,0.0,0.0,1.0,0.0,3.0,DEF
2026-09-30,Serie A,espn:193919,Hassane Kamara,0.0,0.0,3.0,2.0,0.0,0.0,0.0,0.0,8.0,MID
2026-09-30,Serie A,espn:194711,Franck Kessié,0.0,0.0,3.0,1.0,1.0,0.0,0.0,0.0,6.0,MID
2026-09-30,Serie A,espn:194748,Federico Dimarco,0.0,1.0,3.0,0.0,0.0,0.0,2.0,0.0,7.0,MID
2026-09-30,Serie A,espn:194766,Duje Caleta-Car,0.0,0.0,2.0,0.0,0.0,0.0,1.0,0.0,4.0,DEF
2026-09-30,Serie A,espn:196860,Diego Carlos,0.0,0.0,3.0,0.0,0.0,0.0,1.0,0.0,4.0,DEF
2026-09-30,Serie A,espn:196901,Yerry Mina,0.0,0.0,1.0,0.0,0.0,0.0,1.0,1.0,0.0,DEF
2026-09-30,Serie A,espn:202332,Harry Winks,0.0,0.0,3.0,0.0,0.0,0.0,3.0,2.0,1.0,MID
2026-09-30,Serie A,espn:202429,Lewis Ferguson,0.0,0.0,3.0,0.0,0.0,0.0,0.0,0.0,4.0,MID
2026-09-30,Serie A,espn:204082,Guglielmo Vicario,0.0,0.0,3.0,0.0,0.0,0.0,1.0,1.0,4.0,GK
2026-09-30,Serie A,espn:204441,Nicolò Barella,1.0,0.0,3.0,3.0,1.0,0.0,2.0,0.0,7.0,MID
2026-09-30,Serie A,espn:204669,Mattia Zaccagni,1.0,2.0,3.0,6.0,1.0,0.0,2.0,1.0,3.0,FWD
2026-09-30,Serie A,espn:205576,Amir Rrahmani,0.0,0.0,3.0,0.0,0.0,0.0,1.0,1.0,4.0,DEF
2026-09-30,Serie A,espn:205653,Justin Bijlow,0.0,0.0,3.0,0.0,0.0,0.0,0.0,0.0,7.0,GK
2026-09-30,Serie A,espn:206378,Nikola Vlasic,0.0,0.0,3.0,1.0,0.0,0.0,1.0,0.0,4.0,FWD
2026-09-30,Serie A,espn:209746,Alex Meret,0.0,0.0,1.0,0.0,0.0,0.0,0.0,0.0,3.0,GK
2026-09-30,Serie A,espn:210392,Rolando Mandragora,1.0,1.0,3.0,5.0,0.0,0.0,1.0,0.0,4.0,MID
2026-09-30,Serie A,espn:212476,Kingsley Ehizibue,0.0,0.0,3.0,0.0,1.0,0.0,0.0,0.0,7.0,MID
2026-09-30,Serie A,espn:212597,Gianluca Mancini,0.0,1.0,3.0,2.0,0.0,0.0,2.0,1.0,3.0,DEF
2026-09-30,Serie A,espn:213725,Ché Adams,1.0,0.0,1.0,1.0,0.0,0.0,1.0,0.0,1.0,FWD
2026-09-30,Serie A,espn:214562,Manuel Akanji,0.0,1.0,3.0,1.0,1.0,0.0,2.0,0.0,7.0,DEF
2026-09-30,Serie A,espn:214689,Pervis Estupiñán,0.0,0.0,3.0,0.0,1.0,0.0,1.0,1.0,3.0,MID
2026-09-30,Serie A,espn:214740,Jean Butez,0.0,0.0,2.0,0.0,0.0,0.0,1.0,0.0,3.0,GK
2026-09-30,Serie A,espn:215721,Frank Anguissa,0.0,0.0,2.0,1.0,0.0,0.0,0.0,0.0,4.0,MID
2026-09-30,Serie A,espn:217331,Marcus Thuram,2.0,2.0,3.0,5.0,0.0,0.0,2.0,0.0,7.0,FWD
2026-09-30,Serie A,espn:217538,Manuel Locatelli,0.0,0.0,1.0,0.0,0.0,0.0,0.0,0.0,1.0,MID
2026-09-30,Serie A,espn:218857,Vincent Sierro,0.0,0.0,3.0,0.0,0.0,0.0,1.0,0.0,4.0,MID
2026-09-30,Serie A,espn:219531,Vanja Milinkovic-Savic,0.0,0.0,2.0,0.0,0.0,0.0,1.0,1.0,1.0,GK
2026-09-30,Serie A,espn:219713,Lautaro Martínez,4.0,0.0,2.0,5.0,1.0,0.0,1.0,0.0,4.0,FWD
2026-09-30,Serie A,espn:221436,Mërgim Vojvoda,0.0,0.0,3.0,0.0,0.0,0.0,0.0,0.0,8.0,MID
2026-09-30,Serie A,espn:222446,Djibril Sow,0.0,1.0,3.0,0.0,1.0,0.0,0.0,0.0,7.0,MID
2026-09-30,Serie A,espn:222529,Mario Hermoso,1.0,0.0,3.0,1.0,1.0,0.0,2.0,1.0,3.0,DEF
2026-09-30,Serie A,espn:223947,Lassana Coulibaly,2.0,0.0,3.0,3.0,0.0,0.0,1.0,0.0,6.0,FWD
2026-09-30,Serie A,espn:225607,Christian Pulisic,1.0,1.0,2.0,2.0,1.0,0.0,1.0,1.0,2.0,FWD
2026-09-30,Serie A,espn:227697,Jhon Lucumí,0.0,0.0,3.0,0.0,1.0,0.0,1.0,1.0,4.0,DEF
2026-09-30,Serie A,espn:227784,Trevoh Chalobah,0.0,0.0,2.0,0.0,0.0,0.0,1.0,0.0,3.0,DEF
2026-09-30,Serie A,espn:228298,Samuel Chukwueze,0.0,1.0,3.0,1.0,0.0,0.0,1.0,1.0,3.0,MID
2026-09-30,Serie A,espn:231697,Eray Cömert,0.0,1.0,3.0,0.0,0.0,0.0,1.0,0.0,4.0,DEF
2026-09-30,Serie A,espn:233140,Gianluca Scamacca,1.0,0.0,3.0,3.0,0.0,0.0,0.0,0.0,6.0,FWD
2026-09-30,Serie A,espn:233622,Danilho Doekhi,0.0,1.0,1.0,0.0,0.0,0.0,1.0,0.0,1.0,DEF
2026-09-30,Serie A,espn:233654,Keinan Davis,0.0,2.0,3.0,2.0,1.0,0.0,0.0,0.0,8.0,FWD
2026-09-30,Serie A,espn:234881,Mathías Olivera,0.0,0.0,2.0,1.0,0.0,0.0,1.0,1.0,1.0,DEF
2026-09-30,Serie A,espn:235453,Dany Mota,0.0,0.0,2.0,1.0,0.0,0.0,1.0,0.0,2.0,FWD
2026-09-30,Serie A,espn:236038,Giacomo Calo,1.0,0.0,3.0,3.0,0.0,0.0,2.0,1.0,3.0,MID
2026-09-30,Serie A,espn:237055,Jesper Karlström,1.0,0.0,3.0,2.0,2.0,0.0,0.0,0.0,8.0,MID
2026-09-30,Serie A,espn:237435,Eljif Elmas,0.0,0.0,2.0,0.0,0.0,0.0,0.0,0.0,4.0,FWD
2026-09-30,Serie A,espn:238296,Romano Schmid,0.0,3.0,3.0,0.0,1.0,0.0,2.0,1.0,3.0,MID
2026-09-30,Serie A,espn:238407,Jens Odgaard,0.0,0.0,3.0,0.0,0.0,0.0,0.0,0.0,4.0,MID
2026-09-30,Serie A,espn:238798,Mile Svilar,0.0,0.0,3.0,0.0,0.0,0.0,2.0,1.0,3.0,GK
2026-09-30,Serie A,espn:238885,Patrick Cutrone,0.0,0.0,2.0,1.0,0.0,0.0,1.0,0.0,4.0,FWD
2026-09-30,Serie A,espn:239086,Andrea Pinamonti,0.0,0.0,3.0,0.0,0.0,0.0,2.0,1.0,3.0,FWD
2026-09-30,Serie A,espn:239120,Adrian Ismajli,0.0,0.0,2.0,0.0,0.0,0.0,1.0,0.0,2.0,DEF
2026-09-30,Serie A,espn:240533,Josep Martínez,0.0,0.0,3.0,0.0,0.0,0.0,2.0,0.0,7.0,GK
2026-09-30,Serie A,espn:241405,Youssef Maleh,0.0,0.0,3.0,0.0,0.0,0.0,1.0,0.0,6.0,MID
2026-09-30,Serie A,espn:242593,Evan Ndicka,0.0,0.0,2.0,0.0,1.0,0.0,1.0,0.0,3.0,DEF
2026-09-30,Serie A,espn:242601,Enzo Ebosse,0.0,0.0,3.0,0.0,0.0,0.0,0.0,0.0,8.0,DEF
2026-09-30,Serie A,espn:248440,Samuele Birindelli,0.0,2.0,3.0,2.0,1.0,0.0,1.0,0.0,5.0,MID
2026-09-30,Serie A,espn:248633,Moise Kean,0.0,1.0,3.0,3.0,0.0,0.0,2.0,0.0,4.0,FWD
2026-09-30,Serie A,espn:249280,Alessandro Bastoni,0.0,0.0,3.0,0.0,1.0,0.0,2.0,0.0,7.0,DEF
2026-09-30,Serie A,espn:250460,Demba Thiam,0.0,0.0,2.0,0.0,0.0,0.0,0.0,0.0,4.0,GK
2026-09-30,Serie A,espn:250850,Davide Frattesi,1.0,0.0,3.0,1.0,0.0,0.0,2.0,1.0,3.0,MID
2026-09-30,Serie A,espn:251388,Nicolò Zaniolo,0.0,0.0,1.0,0.0,1.0,0.0,0.0,0.0,1.0,FWD
2026-09-30,Serie A,espn:252385,Michael Folorunsho,0.0,0.0,3.0,0.0,2.0,0.0,1.0,0.0,5.0,MID
2026-09-30,Serie A,espn:252406,Lucas Perri,0.0,0.0,3.0,0.0,0.0,0.0,1.0,0.0,4.0,GK
2026-09-30,Serie A,espn:252971,Randal Kolo Muani,0.0,1.0,3.0,1.0,0.0,0.0,1.0,1.0,4.0,FWD
2026-09-30,Serie A,espn:255344,Noa Lang,0.0,0.0,2.0,0.0,0.0,0.0,1.0,1.0,1.0,MID
2026-09-30,Serie A,espn:256715,Weston McKennie,0.0,0.0,1.0,1.0,0.0,0.0,1.0,1.0,0.0,MID
2026-09-30,Serie A,espn:258158,Nikola Krstovic,0.0,0.0,3.0,1.0,0.0,0.0,0.0,0.0,6.0,FWD
2026-09-30,Serie A,espn:258307,Bremer,1.0,0.0,3.0,1.0,0.0,0.0,1.0,1.0,4.0,DEF
2026-09-30,Serie A,espn:258968,Teun Koopmeiners,0.0,1.0,3.0,1.0,0.0,0.0,1.0,1.0,4.0,MID
2026-09-30,Serie A,espn:259481,Donyell Malen,1.0,0.0,3.0,4.0,0.0,0.0,2.0,1.0,3.0,FWD
2026-09-30,Serie A,espn:259838,Arijanet Muric,0.0,0.0,3.0,0.0,0.0,0.0,1.0,0.0,6.0,GK
2026-09-30,Serie A,espn:259871,Ricardo Mangas,1.0,1.0,3.0,1.0,0.0,0.0,1.0,0.0,5.0,MID
2026-09-30,Serie A,espn:259975,Johan Vásquez,1.0,0.0,2.0,1.0,0.0,1.0,0.0,0.0,5.0,DEF
2026-09-30,Serie A,espn:260004,Ivan Ilic,0.0,2.0,3.0,0.0,0.0,0.0,1.0,0.0,6.0,MID
2026-09-30,Serie A,espn:261054,Junior Messias,0.0,0.0,3.0,3.0,0.0,0.0,0.0,0.0,7.0,FWD
2026-09-30,Serie A,espn:261066,Oumar Solet,0.0,0.0,1.0,0.0,0.0,0.0,0.0,0.0,2.0,DEF
2026-09-30,Serie A,espn:261274,Emanuele Valeri,0.0,0.0,3.0,0.0,0.0,0.0,1.0,0.0,4.0,MID
2026-09-30,Serie A,espn:261616,Juan Miranda,0.0,1.0,3.0,0.0,0.0,0.0,0.0,0.0,4.0,MID
2026-09-30,Serie A,espn:262071,Anastasios Douvikas,0.0,0.0,3.0,3.0,0.0,0.0,2.0,0.0,4.0,FWD
2026-09-30,Serie A,espn:262481,Luca Ranieri,0.0,0.0,2.0,0.0,1.0,0.0,1.0,0.0,3.0,DEF
2026-09-30,Serie A,espn:263705,Gianluca Busio,0.0,2.0,2.0,0.0,1.0,0.0,0.0,0.0,7.0,MID
2026-09-30,Serie A,espn:264211,Luis Milla,0.0,0.0,3.0,0.0,0.0,0.0,2.0,0.0,4.0,MID
2026-09-30,Serie A,espn:265140,Christos Mandas,0.0,0.0,3.0,0.0,0.0,0.0,2.0,1.0,3.0,GK
2026-09-30,Serie A,espn:265926,John Yeboah,1.0,0.0,3.0,3.0,0.0,0.0,0.0,0.0,9.0,FWD
2026-09-30,Serie A,espn:266660,Yann Bisseck,0.0,0.0,2.0,1.0,0.0,0.0,1.0,0.0,4.0,DEF
2026-09-30,Serie A,espn:268452,Raoul Bellanova,0.0,0.0,3.0,0.0,1.0,0.0,0.0,0.0,6.0,DEF
2026-09-30,Serie A,espn:270817,Jurgen Ekkelenkamp,1.0,0.0,3.0,2.0,0.0,0.0,0.0,0.0,8.0,FWD
2026-09-30,Serie A,espn:270884,Morten Frendrup,0.0,0.0,3.0,0.0,0.0,0.0,0.0,0.0,7.0,MID
2026-09-30,Serie A,espn:271132,Alexis Saelemaekers,0.0,0.0,2.0,0.0,0.0,0.0,1.0,1.0,1.0,FWD
2026-09-30,Serie A,espn:271555,Leonardo Balerdi,0.0,0.0,3.0,0.0,0.0,0.0,2.0,1.0,3.0,DEF
2026-09-30,Serie A,espn:271769,Carlos Augusto,1.0,1.0,3.0,2.0,0.0,0.0,2.0,0.0,7.0,MID
2026-09-30,Serie A,espn:271873,Zeki Çelik,0.0,1.0,3.0,0.0,0.0,0.0,1.0,1.0,4.0,MID
2026-09-30,Serie A,espn:272694,Enrico Del Prato,0.0,0.0,3.0,0.0,1.0,0.0,1.0,0.0,4.0,MID
2026-09-30,Serie A,espn:272719,Armand Laurienté,0.0,1.0,3.0,1.0,0.0,0.0,1.0,0.0,6.0,FWD
2026-09-30,Serie A,espn:272745,Michel Adopo,0.0,1.0,3.0,2.0,0.0,0.0,3.0,2.0,1.0,DEF
2026-09-30,Serie A,espn:272867,Torbjørn Heggem,0.0,0.0,3.0,0.0,0.0,0.0,0.0,0.0,4.0,DEF
2026-09-30,Serie A,espn:272873,Jay Idzes,0.0,0.0,2.0,0.0,1.0,0.0,1.0,0.0,4.0,DEF
2026-09-30,Serie A,espn:272892,Andrea Colpani,0.0,0.0,2.0,3.0,0.0,0.0,0.0,0.0,4.0,FWD
2026-09-30,Serie A,espn:274217,Billy Gilmour,1.0,0.0,3.0,1.0,0.0,0.0,1.0,1.0,4.0,MID
2026-09-30,Serie A,espn:274258,Saúl Coco,0.0,0.0,3.0,0.0,0.0,0.0,1.0,0.0,4.0,DEF
2026-09-30,Serie A,espn:275015,Simon Sohm,0.0,0.0,3.0,1.0,2.0,0.0,0.0,0.0,9.0,MID
2026-09-30,Serie A,espn:275227,Thorir Johann Helgason,0.0,0.0,2.0,1.0,0.0,0.0,0.0,0.0,6.0,MID
2026-09-30,Serie A,espn:275444,Milutin Osmajic,2.0,0.0,3.0,2.0,0.0,0.0,0.0,0.0,7.0,FWD
2026-09-30,Serie A,espn:275983,Thierry Correia,0.0,0.0,2.0,0.0,1.0,0.0,0.0,0.0,6.0,MID
2026-09-30,Serie A,espn:276237,Marco Brescianini,0.0,0.0,2.0,0.0,0.0,0.0,1.0,0.0,4.0,MID
2026-09-30,Serie A,espn:276254,Nicolò Fagioli,0.0,1.0,3.0,2.0,0.0,0.0,1.0,0.0,5.0,MID
2026-09-30,Serie A,espn:276267,Jakub Piotrowski,0.0,0.0,1.0,0.0,1.0,0.0,0.0,0.0,2.0,MID
2026-09-30,Serie A,espn:276636,Enrique Perez,0.0,0.0,3.0,0.0,1.0,0.0,0.0,0.0,9.0,MID
2026-09-30,Serie A,espn:276654,Tommaso Pobega,0.0,0.0,3.0,1.0,0.0,0.0,0.0,0.0,4.0,MID
2026-09-30,Serie A,espn:276692,Gianluca Gaetano,0.0,0.0,2.0,0.0,0.0,1.0,0.0,0.0,4.0,MID
2026-09-30,Serie A,espn:277441,Antonino Gallo,0.0,0.0,3.0,0.0,0.0,0.0,1.0,0.0,6.0,DEF
2026-09-30,Serie A,espn:278210,Éderson,1.0,0.0,3.0,1.0,0.0,0.0,0.0,0.0,6.0,MID
2026-09-30,Serie A,espn:278987,Elia Caprile,0.0,0.0,3.0,0.0,0.0,0.0,3.0,2.0,1.0,GK
2026-09-30,Serie A,espn:281736,Leo Østigard,0.0,0.0,3.0,2.0,1.0,0.0,0.0,0.0,7.0,DEF
2026-09-30,Serie A,espn:282228,Kenneth Taylor,0.0,0.0,3.0,0.0,0.0,0.0,2.0,1.0,3.0,MID
2026-09-30,Serie A,espn:283375,Kieron Bowie,1.0,0.0,3.0,2.0,0.0,0.0,1.0,0.0,6.0,FWD
2026-09-30,Serie A,espn:284212,Kristian Thorstvedt,0.0,0.0,3.0,2.0,0.0,0.0,1.0,0.0,6.0,MID
2026-09-30,Serie A,espn:284804,Marco Carnesecchi,0.0,0.0,3.0,0.0,0.0,0.0,0.0,0.0,6.0,GK
2026-09-30,Serie A,espn:284822,Odilon Kossounou,0.0,0.0,2.0,0.0,0.0,0.0,0.0,0.0,4.0,DEF
2026-09-30,Serie A,espn:285226,Manu Koné,2.0,0.0,3.0,3.0,0.0,0.0,2.0,1.0,3.0,MID
2026-09-30,Serie A,espn:285438,Roberto Piccoli,1.0,0.0,3.0,1.0,1.0,0.0,0.0,0.0,4.0,FWD
2026-09-30,Serie A,espn:286128,Armel Bella-Kotchap,0.0,0.0,1.0,0.0,0.0,0.0,0.0,0.0,3.0,DEF
2026-09-30,Serie A,espn:286582,Konan N’Dri,0.0,0.0,3.0,0.0,1.0,0.0,1.0,0.0,6.0,FWD
2026-09-30,Serie A,espn:286814,Emil Holm,0.0,0.0,3.0,0.0,1.0,0.0,0.0,0.0,4.0,DEF
2026-09-30,Serie A,espn:286929,Sebastiano Esposito,1.0,0.0,2.0,2.0,0.0,0.0,1.0,0.0,4.0,FWD
2026-09-30,Serie A,espn:287430,El Bilal Toure,0.0,1.0,3.0,2.0,0.0,0.0,1.0,0.0,4.0,FWD
2026-09-30,Serie A,espn:287790,Nicolò Cambiaghi,0.0,0.0,3.0,0.0,0.0,0.0,0.0,0.0,4.0,FWD
2026-09-30,Serie A,espn:288429,Santiago Pierotti,0.0,0.0,3.0,0.0,0.0,0.0,1.0,0.0,6.0,MID
2026-09-30,Serie A,espn:288472,Akor Adams,1.0,0.0,3.0,5.0,0.0,0.0,0.0,0.0,9.0,FWD
2026-09-30,Serie A,espn:288896,Gonçalo Ramos,0.0,1.0,3.0,0.0,0.0,0.0,1.0,1.0,3.0,FWD
2026-09-30,Serie A,espn:288901,Nuno Tavares,0.0,1.0,3.0,1.0,0.0,0.0,2.0,1.0,3.0,DEF
2026-09-30,Serie A,espn:289511,Beto,0.0,1.0,3.0,1.0,0.0,0.0,1.0,0.0,5.0,FWD
2026-09-30,Serie A,espn:289560,Filip Stankovic,0.0,0.0,3.0,0.0,0.0,0.0,0.0,0.0,9.0,GK
2026-09-30,Serie A,espn:290129,Pierre Kalulu,0.0,0.0,3.0,0.0,0.0,0.0,1.0,1.0,4.0,DEF
2026-09-30,Serie A,espn:290375,Strahinja Pavlovic,0.0,1.0,3.0,2.0,1.0,0.0,1.0,1.0,3.0,DEF
2026-09-30,Serie A,espn:290418,Josh Doig,1.0,0.0,3.0,1.0,0.0,0.0,1.0,0.0,6.0,DEF
2026-09-30,Serie A,espn:290545,Daniel Maldini,3.0,0.0,3.0,4.0,0.0,0.0,3.0,2.0,1.0,FWD
2026-09-30,Serie A,espn:290592,Daniel Bragança,0.0,0.0,3.0,0.0,1.0,0.0,1.0,0.0,4.0,MID
2026-09-30,Serie A,espn:290792,Edoardo Corvi,0.0,0.0,3.0,0.0,0.0,0.0,1.0,0.0,4.0,GK
2026-09-30,Serie A,espn:291285,Lucas Da Cunha,0.0,0.0,3.0,0.0,0.0,0.0,2.0,0.0,4.0,MID
2026-09-30,Serie A,espn:291550,Gustav Isaksen,0.0,0.0,3.0,0.0,1.0,0.0,2.0,1.0,3.0,FWD
2026-09-30,Serie A,espn:291560,Nadir Zortea,0.0,0.0,1.0,0.0,0.0,0.0,0.0,0.0,1.0,MID
2026-09-30,Serie A,espn:295476,Maduka Okoye,0.0,0.0,3.0,0.0,0.0,0.0,0.0,0.0,8.0,GK
2026-09-30,Serie A,espn:296319,Charles De Ketelaere,0.0,1.0,3.0,0.0,0.0,0.0,0.0,0.0,6.0,FWD
2026-09-30,Serie A,espn:297084,Yan Couto,0.0,1.0,3.0,3.0,1.0,0.0,2.0,0.0,4.0,DEF
2026-09-30,Serie A,espn:297220,Lorenzo Colombo,0.0,2.0,3.0,1.0,0.0,0.0,0.0,0.0,7.0,FWD
2026-09-30,Serie A,espn:297360,Rafa Marín,0.0,0.0,3.0,0.0,1.0,0.0,1.0,1.0,4.0,DEF
2026-09-30,Serie A,espn:300001,Ilario Monterisi,0.0,0.0,3.0,0.0,0.0,0.0,2.0,1.0,3.0,DEF
2026-09-30,Serie A,espn:301278,Andrea Carboni,0.0,0.0,3.0,1.0,0.0,0.0,1.0,0.0,5.0,DEF
2026-09-30,Serie A,espn:301377,Noel Törnqvist,0.0,0.0,1.0,0.0,0.0,0.0,1.0,0.0,1.0,GK
2026-09-30,Serie A,espn:301980,José Romero,2.0,0.0,3.0,4.0,0.0,0.0,1.0,0.0,4.0,FWD
2026-09-30,Serie A,espn:303296,Lazar Samardzic,0.0,0.0,3.0,0.0,0.0,0.0,0.0,0.0,6.0,MID
2026-09-30,Serie A,espn:303988,Lorenzo Bernasconi,0.0,0.0,2.0,0.0,0.0,0.0,0.0,0.0,4.0,DEF
2026-09-30,Serie A,espn:304222,Arthur Theate,0.0,0.0,3.0,0.0,0.0,0.0,0.0,0.0,4.0,DEF
2026-09-30,Serie A,espn:304512,Nikola Stulic,0.0,0.0,3.0,1.0,0.0,0.0,1.0,0.0,6.0,FWD
2026-09-30,Serie A,espn:305552,Josip Sutalo,0.0,0.0,2.0,0.0,0.0,0.0,1.0,1.0,2.0,DEF
2026-09-30,Serie A,espn:305589,Kian Fitz-Jim,0.0,0.0,3.0,0.0,0.0,0.0,1.0,0.0,4.0,MID
2026-09-30,Serie A,espn:307391,Jamil Siebert,0.0,0.0,3.0,0.0,1.0,0.0,1.0,0.0,6.0,DEF
2026-09-30,Serie A,espn:307527,Yunus Musah,0.0,0.0,3.0,0.0,0.0,0.0,1.0,1.0,3.0,MID
2026-09-30,Serie A,espn:307893,Joel Monteiro,0.0,0.0,3.0,0.0,0.0,0.0,1.0,0.0,6.0,FWD
2026-09-30,Serie A,espn:308944,Matteo Cancellieri,1.0,0.0,3.0,2.0,0.0,0.0,2.0,1.0,3.0,FWD
2026-09-30,Serie A,espn:309241,Máximo Perrone,0.0,1.0,3.0,0.0,0.0,0.0,2.0,0.0,4.0,MID
2026-09-30,Serie A,espn:309273,Rasmus Højlund,1.0,0.0,3.0,3.0,0.0,0.0,1.0,1.0,4.0,FWD
2026-09-30,Serie A,espn:309518,Tommaso Baldanzi,0.0,0.0,3.0,1.0,0.0,0.0,0.0,0.0,7.0,FWD
2026-09-30,Serie A,espn:309570,Koni De Winter,0.0,0.0,3.0,0.0,1.0,0.0,1.0,1.0,3.0,DEF
2026-09-30,Serie A,espn:309812,Giorgio Scalvini,0.0,0.0,3.0,0.0,0.0,0.0,0.0,0.0,6.0,DEF
2026-09-30,Serie A,espn:310140,Fedde Leysen,0.0,0.0,3.0,0.0,1.0,0.0,1.0,0.0,6.0,DEF
2026-09-30,Serie A,espn:310216,Radu Dragusin,0.0,1.0,3.0,0.0,0.0,0.0,1.0,0.0,5.0,DEF
2026-09-30,Serie A,espn:311475,Martin Baturina,1.0,0.0,3.0,2.0,1.0,0.0,2.0,0.0,4.0,MID
2026-09-30,Serie A,espn:312659,Francisco Conceição,1.0,0.0,3.0,4.0,1.0,0.0,1.0,1.0,4.0,FWD
2026-09-30,Serie A,espn:312757,Mateo Pellegrino,2.0,0.0,3.0,2.0,0.0,0.0,1.0,0.0,5.0,FWD
2026-09-30,Serie A,espn:315213,Anthony Oyono,0.0,1.0,3.0,0.0,1.0,0.0,2.0,1.0,3.0,DEF
2026-09-30,Serie A,espn:316609,Mandela Keita,0.0,0.0,3.0,0.0,1.0,0.0,1.0,0.0,4.0,MID
2026-09-30,Serie A,espn:317233,Kaiki,1.0,0.0,2.0,1.0,0.0,0.0,1.0,0.0,3.0,DEF
2026-09-30,Serie A,espn:318604,Kialonda Gaspar,0.0,0.0,2.0,1.0,1.0,0.0,0.0,0.0,4.0,DEF
2026-09-30,Serie A,espn:319167,Andy Diouf,0.0,1.0,3.0,2.0,0.0,0.0,2.0,0.0,7.0,MID
2026-09-30,Serie A,espn:319265,Antonio Raimondo,2.0,0.0,3.0,4.0,1.0,0.0,2.0,1.0,3.0,FWD
2026-09-30,Serie A,espn:319697,Alisson Santos,0.0,0.0,1.0,1.0,0.0,0.0,0.0,0.0,3.0,FWD
2026-09-30,Serie A,espn:320074,Douglas Luiz,0.0,0.0,3.0,1.0,1.0,0.0,1.0,1.0,4.0,MID
2026-09-30,Serie A,espn:322913,Adam Obert,0.0,0.0,3.0,2.0,0.0,0.0,3.0,2.0,1.0,DEF
2026-09-30,Serie A,espn:323113,Tijjani Noslin,2.0,0.0,3.0,3.0,0.0,0.0,2.0,1.0,3.0,FWD
2026-09-30,Serie A,espn:323118,Giovanni Fabbian,0.0,0.0,3.0,0.0,0.0,0.0,1.0,0.0,4.0,FWD
2026-09-30,Serie A,espn:323974,Matìas Soulè,1.0,1.0,3.0,4.0,0.0,0.0,2.0,1.0,3.0,FWD
2026-09-30,Serie A,espn:324097,Mario Gila,0.0,0.0,3.0,1.0,1.0,0.0,1.0,1.0,3.0,DEF
2026-09-30,Serie A,espn:324256,Mikael Ellertsson,0.0,0.0,3.0,0.0,1.0,0.0,0.0,0.0,7.0,MID
2026-09-30,Serie A,espn:325056,Lorenzo Palmisani,0.0,0.0,3.0,0.0,0.0,0.0,2.0,1.0,3.0,GK
2026-09-30,Serie A,espn:325554,Omari Forson,0.0,0.0,2.0,0.0,0.0,0.0,0.0,0.0,4.0,FWD
2026-09-30,Serie A,espn:328300,Redouane Halhal,0.0,0.0,1.0,0.0,1.0,0.0,0.0,0.0,3.0,DEF
2026-09-30,Serie A,espn:330041,Romano Floriani,0.0,0.0,3.0,0.0,0.0,0.0,2.0,1.0,3.0,DEF
2026-09-30,Serie A,espn:330259,Cristian Volpato,0.0,0.0,1.0,0.0,0.0,0.0,0.0,0.0,2.0,FWD
2026-09-30,Serie A,espn:331770,Rahim Alhassane,0.0,0.0,1.0,0.0,0.0,0.0,0.0,0.0,2.0,DEF
2026-09-30,Serie A,espn:332354,Wesley,0.0,0.0,2.0,0.0,0.0,0.0,1.0,0.0,3.0,MID
2026-09-30,Serie A,espn:332411,Antonio Vergara,0.0,0.0,2.0,0.0,1.0,0.0,1.0,1.0,3.0,MID
2026-09-30,Serie A,espn:332684,Zé Pedro,0.0,0.0,3.0,0.0,0.0,0.0,3.0,2.0,1.0,DEF
2026-09-30,Serie A,espn:333311,Oliver Provstgaard,0.0,0.0,3.0,0.0,0.0,0.0,2.0,1.0,3.0,DEF
2026-09-30,Serie A,espn:333598,Giorgio Cittadini,0.0,0.0,3.0,0.0,1.0,0.0,2.0,1.0,3.0,DEF
2026-09-30,Serie A,espn:333938,Jacopo Fazzini,0.0,1.0,2.0,0.0,0.0,0.0,2.0,1.0,1.0,MID
2026-09-30,Serie A,espn:334793,Oumar Ngom,0.0,0.0,3.0,1.0,0.0,0.0,1.0,0.0,6.0,MID
2026-09-30,Serie A,espn:337970,Nico Paz,1.0,1.0,3.0,4.0,0.0,0.0,2.0,0.0,4.0,MID
2026-09-30,Serie A,espn:338266,Gvidas Gineitis,0.0,0.0,2.0,0.0,0.0,0.0,1.0,0.0,3.0,MID
2026-09-30,Serie A,espn:339198,Christian Ordoñez,0.0,0.0,2.0,0.0,0.0,0.0,1.0,0.0,2.0,MID
2026-09-30,Serie A,espn:340678,Diego Moreira,3.0,0.0,3.0,3.0,0.0,0.0,1.0,1.0,3.0,MID
2026-09-30,Serie A,espn:341494,Petar Sucic,0.0,0.0,2.0,0.0,0.0,0.0,1.0,0.0,4.0,MID
2026-09-30,Serie A,espn:342763,Albion Rrahmani,0.0,0.0,2.0,0.0,0.0,0.0,0.0,0.0,5.0,FWD
2026-09-30,Serie A,espn:342837,James Abankwah,1.0,0.0,3.0,1.0,0.0,0.0,0.0,0.0,8.0,DEF
2026-09-30,Serie A,espn:344844,Danilo Veiga,0.0,1.0,3.0,0.0,2.0,0.0,1.0,0.0,6.0,DEF
2026-09-30,Serie A,espn:344917,Vasilije Adzic,3.0,0.0,3.0,3.0,0.0,0.0,1.0,0.0,6.0,MID
2026-09-30,Serie A,espn:345152,Joel Schingtienne,0.0,0.0,3.0,0.0,2.0,0.0,0.0,0.0,9.0,DEF
2026-09-30,Serie A,espn:345323,Reda Belahyane,0.0,0.0,3.0,0.0,1.0,0.0,2.0,1.0,3.0,MID
2026-09-30,Serie A,espn:345713,Richie Sagrado,1.0,0.0,3.0,1.0,0.0,0.0,0.0,0.0,9.0,MID
2026-09-30,Serie A,espn:346840,Patrizio Masini,0.0,1.0,3.0,0.0,0.0,0.0,2.0,1.0,3.0,MID
2026-09-30,Serie A,espn:346916,Antoine Hainaut,1.0,1.0,3.0,2.0,0.0,0.0,0.0,0.0,9.0,MID
2026-09-30,Serie A,espn:346974,Gabriele Bracaglia,0.0,0.0,3.0,1.0,2.0,0.0,2.0,1.0,3.0,DEF
2026-09-30,Serie A,espn:347009,Lennon Miller,0.0,0.0,3.0,0.0,1.0,0.0,0.0,0.0,8.0,MID
2026-09-30,Serie A,espn:347408,Luca Lipani,0.0,0.0,3.0,0.0,2.0,0.0,1.0,0.0,6.0,MID
2026-09-30,Serie A,espn:347409,Seydou Fini,0.0,0.0,2.0,0.0,0.0,0.0,1.0,0.0,3.0,MID
2026-09-30,Serie A,espn:350205,Sebastian Otoa,0.0,0.0,1.0,0.0,1.0,0.0,0.0,0.0,2.0,DEF
2026-09-30,Serie A,espn:352751,Gabriele Calvani,0.0,0.0,3.0,0.0,0.0,0.0,2.0,1.0,3.0,DEF
2026-09-30,Serie A,espn:355359,Jay Robinson,1.0,0.0,3.0,4.0,0.0,0.0,1.0,0.0,5.0,FWD
2026-09-30,Serie A,espn:356213,Arthur Atta,0.0,0.0,3.0,2.0,0.0,0.0,1.0,0.0,5.0,MID
2026-09-30,Serie A,espn:356536,Farès Ghedjemis,0.0,0.0,3.0,3.0,0.0,0.0,2.0,1.0,3.0,MID
2026-09-30,Serie A,espn:359754,Alphadjo Cissè,1.0,0.0,2.0,1.0,1.0,0.0,0.0,0.0,3.0,FWD
2026-09-30,Serie A,espn:360061,Cher Ndour,0.0,1.0,3.0,0.0,0.0,0.0,1.0,0.0,5.0,MID
2026-09-30,Serie A,espn:360235,Niccolò Pisilli,1.0,0.0,2.0,1.0,1.0,0.0,1.0,1.0,2.0,MID
2026-09-30,Serie A,espn:360714,Giorgi Kvernadze,3.0,0.0,3.0,5.0,1.0,0.0,2.0,1.0,3.0,MID
2026-09-30,Serie A,espn:361506,Juan Rodríguez,0.0,0.0,3.0,0.0,0.0,0.0,3.0,2.0,1.0,DEF
2026-09-30,Serie A,espn:361749,Nesta Elphege,0.0,1.0,2.0,0.0,0.0,0.0,1.0,0.0,3.0,FWD
2026-09-30,Serie A,espn:361818,Eivind Helland,0.0,0.0,1.0,0.0,0.0,0.0,0.0,0.0,1.0,DEF
2026-09-30,Serie A,espn:362376,Unai Gómez,0.0,1.0,3.0,0.0,0.0,0.0,0.0,0.0,8.0,FWD
2026-09-30,Serie A,espn:362674,Pio Esposito,1.0,0.0,3.0,2.0,0.0,0.0,2.0,0.0,7.0,FWD
2026-09-30,Serie A,espn:362776,Ebenezer Akinsanmiro,0.0,0.0,3.0,0.0,0.0,0.0,1.0,0.0,5.0,MID
2026-09-30,Serie A,espn:364156,Viery,0.0,0.0,3.0,0.0,0.0,0.0,1.0,0.0,5.0,DEF
2026-09-30,Serie A,espn:364590,Rafik Belghali,0.0,1.0,3.0,0.0,1.0,0.0,1.0,0.0,4.0,DEF
2026-09-30,Serie A,espn:364742,Assane Diao,2.0,0.0,3.0,2.0,1.0,0.0,2.0,0.0,4.0,MID
2026-09-30,Serie A,espn:364761,Alessandro Marcandalli,0.0,0.0,3.0,0.0,1.0,0.0,0.0,0.0,7.0,DEF
2026-09-30,Serie A,espn:365160,Mikel Amondarain,0.0,0.0,1.0,0.0,1.0,0.0,0.0,0.0,1.0,MID
2026-09-30,Serie A,espn:366526,Mariano Troilo,0.0,0.0,3.0,0.0,1.0,0.0,1.0,0.0,4.0,DEF
2026-09-30,Serie A,espn:367168,Pietro Comuzzo,0.0,0.0,2.0,0.0,0.0,0.0,1.0,0.0,3.0,DEF
2026-09-30,Serie A,espn:367635,Lorenzo Lucchesi,0.0,0.0,3.0,3.0,0.0,0.0,1.0,0.0,5.0,DEF
2026-09-30,Serie A,espn:367743,Alieu Njie,0.0,0.0,3.0,3.0,1.0,0.0,1.0,0.0,5.0,FWD
2026-09-30,Serie A,espn:367861,Álex Jiménez,1.0,1.0,2.0,1.0,0.0,0.0,1.0,0.0,3.0,DEF
2026-09-30,Serie A,espn:376473,Franco Mastantuono,3.0,0.0,3.0,7.0,1.0,0.0,1.0,0.0,5.0,FWD
2026-09-30,Serie A,espn:379865,Tiago Gabriel,1.0,0.0,2.0,1.0,0.0,0.0,1.0,0.0,3.0,DEF
2026-09-30,Serie A,espn:380318,Jacobo Ramón,1.0,0.0,3.0,2.0,0.0,0.0,2.0,0.0,4.0,DEF
2026-09-30,Serie A,espn:384170,Darryl Bakola,0.0,1.0,2.0,1.0,0.0,0.0,1.0,0.0,4.0,MID
2026-09-30,Serie A,espn:384300,Niccolò Fortini,0.0,0.0,3.0,0.0,0.0,0.0,1.0,0.0,4.0,MID
2026-09-30,Serie A,espn:384482,Gustavo Varela,2.0,0.0,2.0,3.0,1.0,0.0,1.0,0.0,4.0,FWD
2026-09-30,Serie A,espn:386989,Christ Inao Oulaï,0.0,0.0,1.0,0.0,0.0,0.0,0.0,0.0,2.0,MID
2026-09-30,Serie A,espn:387204,Rodrigo Mora,0.0,0.0,2.0,0.0,0.0,0.0,2.0,1.0,1.0,MID
2026-09-30,Serie A,espn:388880,Massimo Pessina,0.0,0.0,1.0,0.0,0.0,0.0,0.0,0.0,1.0,GK
2026-09-30,Serie A,espn:390673,Eddy Kouadio,0.0,0.0,3.0,2.0,1.0,0.0,1.0,0.0,5.0,DEF
2026-09-30,Serie A,espn:391034,Kerim Alajbegovic,0.0,0.0,3.0,3.0,0.0,0.0,1.0,1.0,4.0,FWD
2026-09-30,Serie A,espn:396009,Sascha Britschgi,0.0,0.0,3.0,0.0,0.0,0.0,1.0,0.0,4.0,MID
2026-09-30,Serie A,espn:401558,Víctor Valdepeñas,0.0,0.0,2.0,1.0,0.0,0.0,0.0,0.0,3.0,DEF
2026-09-30,Serie A,espn:403148,Alessio Cacciamani,0.0,0.0,3.0,0.0,0.0,0.0,1.0,0.0,4.0,MID
2026-09-30,Serie A,espn:409371,Emanuele Lulli,0.0,0.0,2.0,0.0,0.0,0.0,2.0,1.0,1.0,MID
2026-09-30,Serie A,espn:412248,Simone Cinquegrano,0.0,0.0,3.0,1.0,0.0,0.0,1.0,0.0,6.0,DEF
2026-09-30,Serie A,espn:413818,Simone Lontani,1.0,0.0,3.0,2.0,0.0,0.0,1.0,0.0,4.0,FWD
2026-09-30,Serie A,espn:417783,Dominik Drobnic,0.0,0.0,1.0,0.0,1.0,0.0,1.0,0.0,1.0,DEF
2026-09-30,Serie A,espn:418819,Paul Mendy,1.0,0.0,3.0,2.0,0.0,0.0,3.0,2.0,1.0,FWD
2026-09-30,Serie A,espn:6729,Alessandro Romano,0.0,0.0,3.0,3.0,0.0,0.0,3.0,2.0,1.0,MID
2026-09-30,Serie A,espn:76017,Nico González,0.0,0.0,3.0,1.0,0.0,0.0,1.0,1.0,4.0,MID
2026-09-30,Serie A,espn:76762,Luka Modric,0.0,0.0,3.0,0.0,0.0,0.0,1.0,1.0,3.0,MID
2026-09-30,Serie A,espn:99909,Thomas Kristensen,0.0,0.0,1.0,1.0,1.0,0.0,0.0,0.0,2.0,DEF
